Workbook

Sheet Boma.sites
A1: boma.no | B1: lat | C1: long | D1: start | E1: end | F1: duration | G1: boma.period.days | H1: correction.factor | I1: distance.ect.footprint.meters | J1: quant.juv.bov.r | K1: quant.mat.bov.r | L1: quant.juv.sp.r | M1: quant.mat.sp.r | N1: quant.juv.gt.r | O1: quant.mat.gt.r | P1: quant.juv.cam.r | Q1: quant.mat.cam.r | R1: quant.juv.bov | S1: quant.mat.bov | T1: quant.juv.sp | U1: quant.mat.sp | V1: quant.juv.gt | W1: quant.mat.gt | X1: quant.juv.cam | Y1: quant.mat.cam | Z1: Relation.to.ECT | AA1: source
A2: 1 | B2: -1.61365 | C2: 37.1333 | D2: 43309 | E2: 43768 | F2: =E2-D2 -> 459 | G2: =90 -> 90 | H2: =IF(G2<F2,G2/F2,1) -> 0.19607843 | I2: 200 | J2: 0 | K2: 420 | L2: 0 | M2: 0 | N2: 0 | O2: 0 | P2: 0 | Q2: 0 | R2: =J2*$H2 -> 0 | S2: =K2*$H2 -> 82.352941 | T2: =L2*$H2 -> 0 | U2: =M2*$H2 -> 0 | V2: =N2*$H2 -> 0 | W2: =O2*$H2 -> 0 | X2: =P2*$H2 -> 0 | Y2: =Q2*$H2 -> 0 | Z2: Unknown | AA2: Wolz et al. 2022
A3: 2 | B3: -1.623496 | C3: 37.126543 | D3: 44604 | E3: 45982 | F3: =E3-D3 -> 1378 | G3: =90 -> 90 | H3: =IF(G3<F3,G3/F3,1) -> 0.065312046 | I3: 1300 | J3: =Boma_2!I10 -> 1241 | K3: =Boma_2!I11 -> 836 | L3: =Boma_2!I12 -> 436 | M3: =Boma_2!I13 -> 1266.5 | N3: =Boma_2!I14 -> 88 | O3: =Boma_2!I15 -> 105.5 | P3: =Boma_2!I16 -> 0 | Q3: =Boma_2!I17 -> 0 | R3: =J3*$H3 -> 81.05225 | S3: =K3*$H3 -> 54.600871 | T3: =L3*$H3 -> 28.476052 | U3: =M3*$H3 -> 82.717707 | V3: =N3*$H3 -> 5.7474601 | W3: =O3*$H3 -> 6.8904209 | X3: =P3*$H3 -> 0 | Y3: =Q3*$H3 -> 0 | AA3: Official Boma records
A4: 3 | B4: -1.605801 | C4: 37.15495 | D4: 44585 | E4: 44810 | F4: =E4-D4 -> 225 | G4: =90 -> 90 | H4: =IF(G4<F4,G4/F4,1) -> 0.4 | I4: 2550 | J4: 0 | K4: 383 | L4: 0 | M4: 359 | N4: 0 | O4: 0 | P4: 0 | Q4: 0 | R4: =J4*$H4 -> 0 | S4: =K4*$H4 -> 153.2 | T4: =L4*$H4 -> 0 | U4: =M4*$H4 -> 143.6 | V4: =N4*$H4 -> 0 | W4: =O4*$H4 -> 0 | X4: =P4*$H4 -> 0 | Y4: =Q4*$H4 -> 0 | Z4: East-north-east | AA4: Official Boma records
A5: 4 | B5: -1.608419 | C5: 37.122103 | D5: 44621 | E5: 44925 | F5: =E5-D5 -> 304 | G5: =90 -> 90 | H5: =IF(G5<F5,G5/F5,1) -> 0.29605263 | I5: 1521 | J5: 246 | K5: 246 | L5: 246 | M5: 246 | N5: 0 | O5: 0 | P5: 0 | Q5: 0 | R5: =J5*$H5 -> 72.828947 | S5: =K5*$H5 -> 72.828947 | T5: =L5*$H5 -> 72.828947 | U5: =M5*$H5 -> 72.828947 | V5: =N5*$H5 -> 0 | W5: =O5*$H5 -> 0 | X5: =P5*$H5 -> 0 | Y5: =Q5*$H5 -> 0 | AA5: Official Boma records
A6: 5 | B6: -1.603441 | C6: 37.129611 | D6: 45588 | E6: 45664 | F6: =E6-D6 -> 76 | G6: =90 -> 90 | H6: =IF(G6<F6,G6/F6,1) -> 1 | I6: 1354 | J6: 246 | K6: 603 | L6: 513 | M6: 567 | N6: 0 | O6: 0 | P6: 0 | Q6: 0 | R6: =J6*$H6 -> 246 | S6: =K6*$H6 -> 603 | T6: =L6*$H6 -> 513 | U6: =M6*$H6 -> 567 | V6: =N6*$H6 -> 0 | W6: =O6*$H6 -> 0 | X6: =P6*$H6 -> 0 | Y6: =Q6*$H6 -> 0 | AA6: Official Boma records
A7: 6 | B7: -1.61365 | C7: 37.13234 | D7: 45351 | E7: 45476 | F7: =E7-D7 -> 125 | G7: =90 -> 90 | H7: =IF(G7<F7,G7/F7,1) -> 0.72 | I7: 190 | J7: 334 | K7: 291 | L7: 0 | M7: 494 | N7: 0 | O7: 0 | P7: 0 | Q7: 42 | R7: =J7*$H7 -> 240.48 | S7: =K7*$H7 -> 209.52 | T7: =L7*$H7 -> 0 | U7: =M7*$H7 -> 355.68 | V7: =N7*$H7 -> 0 | W7: =O7*$H7 -> 0 | X7: =P7*$H7 -> 0 | Y7: =Q7*$H7 -> 30.24 | Z7: 0 | AA7: Van Hove et al. 2025
A8: 7 | B8: -1.625117 | C8: 37.150762 | D8: 45359 | E8: 45422 | F8: =E8-D8 -> 63 | G8: =90 -> 90 | H8: =IF(G8<F8,G8/F8,1) -> 1 | I8: 2170 | J8: 0 | K8: 126 | L8: 0 | M8: 399 | N8: 118 | O8: 0 | P8: 0 | Q8: 0 | R8: =J8*$H8 -> 0 | S8: =K8*$H8 -> 126 | T8: =L8*$H8 -> 0 | U8: =M8*$H8 -> 399 | V8: =N8*$H8 -> 118 | W8: =O8*$H8 -> 0 | X8: =P8*$H8 -> 0 | Y8: =Q8*$H8 -> 0 | AA8: Official Boma records

Sheet Boma_2
F2: days
A3: 2022 | B3: 12 th feb | D3: 25th feb 2023 | F3: =365+13 -> 378
B4: 104 cattle | C4: 104
B5: 171 cattle | C5: 171
B6: 310 Weaner ewes | C6: 310
B7: 188 dry ewes | C7: 188
B8: 212 AI Group | C8: 212
B9: 350 weaner | C9: 250 | H9: total days | I9: =F3+F11+F14+F28 -> 725
H10: total juv cattle | I10: =350+38+239+104+249+261 -> 1241
A11: 2023 | B11: 27th Jun | D11: 14th Uag | F11: =18 -> 18 | H11: total mat cattle | I11: =104+171+212+261+88 -> 836
B12: 88 weaner goat bucks | C12: 88 | H12: total juv sheep | I12: =310+126 -> 436
H13: total mat sheep | I13: =188+211/2+186+120+247+159+261 -> 1266.5
A14: 2024 | B14: 28 th october | D14: 3rd Feb 2025 | F14: =62+30+3 -> 95 | H14: total juv goats | I14: =88+0 -> 88
B15: 211 shoats | C15: 211 | H15: total mat goats | I15: =211/2 -> 105.5
B16: 186 dry does | C16: 186
B17: 120 Rams | C17: 120
B18: 171 ? | C18: 171 | H18: time averaged | I18: =30*3/725 -> 0.12413793
B19: 38 Weaners | C19: 38
B20: 247 sheep | C20: 247 | H20: =H10 -> total juv cattle | I20: =I10*I$18 -> 154.05517
B21: 239 Weaners | C21: 239 | H21: =H11 -> total mat cattle | I21: =I11*I$18 -> 103.77931
B22: 127 ? | C22: 127 | H22: =H12 -> total juv sheep | I22: =I12*I$18 -> 54.124138
B23: 159 Breeding does | C23: 159 | H23: =H13 -> total mat sheep | I23: =I13*I$18 -> 157.22069
B24: 126 | C24: 126 | H24: =H14 -> total juv goats | I24: =I14*I$18 -> 10.924138
B25: 104 Weaners | C25: 104 | H25: =H15 -> total mat goats | I25: =I15*I$18 -> 13.096552
A28: 2025 | B28: 46108 | D28: 46347 | F28: =3+7*30+21 -> 234
B29: 249 weaners | C29: 249
B30: 261 Lactating | C30: 261
B31: 88 ? | C31: 88
B32: 261 Ewes | C32: 261
