Workbook

Sheet Weighted_avg_p1_p9
C1: Layer | N1: conversion factors
A2: Parameter | B2: unit | C2: 7 | D2: 7-20 | E2: 20-47 | F2: 47-65 | G2: 65-85 | H2: 85-110 | I2: 110-130 | J2: 130-150 | K2: 150-175 | N2: g cm^3 to kg/dm^3 | O2: 1
A3: depth, mm | C3: 180 | D3: =(41-18)*10 -> 230 | E3: =(74-14)*10 -> 600 | F3: =(150-74)*10 -> 760 | G3: =(85-65)*10 -> 200 | H3: =(110-85)*10 -> 250
A4: depth, cm | C4: =C3/10 -> 18 | D4: =D3/10 -> 23 | E4: =E3/10 -> 60 | F4: =F3/10 -> 76 | G4: =G3/10 -> 20 | H4: =H3/10 -> 25
A6: ph | B6: - | C6: =SUM(Soils_Vertis_p9!C6*$D$30,Soils_Plonos_p1!C6*$D$31) -> 6.83 | D6: =SUM(Soils_Vertis_p9!D6*$D$30,Soils_Plonos_p1!D6*$D$31) -> 6.02 | E6: =SUM(Soils_Vertis_p9!E6*$D$30,Soils_Plonos_p1!E6*$D$31) -> 6.25 | F6: =SUM(Soils_Vertis_p9!F6*$D$30,Soils_Plonos_p1!F6*$D$31) -> 6.22 | G6: =SUM(Soils_Vertis_p9!G6*$D$30,Soils_Plonos_p1!G6*$D$31) -> 0 | H6: =SUM(Soils_Vertis_p9!H6*$D$30,Soils_Plonos_p1!H6*$D$31) -> 0 | N6: second to minute | O6: 60
A7: bd | B7: kg/dm^3 | C7: =SUM(Soils_Vertis_p9!C7*$D$30,Soils_Plonos_p1!C7*$D$31) -> 1.4675 | D7: =SUM(Soils_Vertis_p9!D7*$D$30,Soils_Plonos_p1!D7*$D$31) -> 1.4725 | E7: =SUM(Soils_Vertis_p9!E7*$D$30,Soils_Plonos_p1!E7*$D$31) -> 1.0575 | F7: =SUM(Soils_Vertis_p9!F7*$D$30,Soils_Plonos_p1!F7*$D$31) -> 0.0565 | G7: =SUM(Soils_Vertis_p9!G7*$D$30,Soils_Plonos_p1!G7*$D$31) -> 0 | H7: =SUM(Soils_Vertis_p9!H7*$D$30,Soils_Plonos_p1!H7*$D$31) -> 0
A9: clay | B9: kg/kg | C9: =SUM(Soils_Vertis_p9!C9*$D$30,Soils_Plonos_p1!C9*$D$31) -> 0.510225 | D9: =SUM(Soils_Vertis_p9!D9*$D$30,Soils_Plonos_p1!D9*$D$31) -> 0.228175 | E9: =SUM(Soils_Vertis_p9!E9*$D$30,Soils_Plonos_p1!E9*$D$31) -> 0.410715 | F9: =SUM(Soils_Vertis_p9!F9*$D$30,Soils_Plonos_p1!F9*$D$31) -> 0.27772 | G9: =SUM(Soils_Vertis_p9!G9*$D$30,Soils_Plonos_p1!G9*$D$31) -> 0 | H9: =SUM(Soils_Vertis_p9!H9*$D$30,Soils_Plonos_p1!H9*$D$31) -> 0
A10: sand | B10: kg/kg | C10: =SUM(Soils_Vertis_p9!C10*$D$30,Soils_Plonos_p1!C10*$D$31) -> 0.358 | D10: =SUM(Soils_Vertis_p9!D10*$D$30,Soils_Plonos_p1!D10*$D$31) -> 0.6472 | E10: =SUM(Soils_Vertis_p9!E10*$D$30,Soils_Plonos_p1!E10*$D$31) -> 0.53234 | F10: =SUM(Soils_Vertis_p9!F10*$D$30,Soils_Plonos_p1!F10*$D$31) -> 0.43729 | G10: =SUM(Soils_Vertis_p9!G10*$D$30,Soils_Plonos_p1!G10*$D$31) -> 0 | H10: =SUM(Soils_Vertis_p9!H10*$D$30,Soils_Plonos_p1!H10*$D$31) -> 0
A11: silt | B11: kg/kg | C11: =SUM(Soils_Vertis_p9!C11*$D$30,Soils_Plonos_p1!C11*$D$31) -> 0.12986 | D11: =SUM(Soils_Vertis_p9!D11*$D$30,Soils_Plonos_p1!D11*$D$31) -> 0.12035 | E11: =SUM(Soils_Vertis_p9!E11*$D$30,Soils_Plonos_p1!E11*$D$31) -> 0.04336 | F11: =SUM(Soils_Vertis_p9!F11*$D$30,Soils_Plonos_p1!F11*$D$31) -> 0.15636 | G11: =SUM(Soils_Vertis_p9!G11*$D$30,Soils_Plonos_p1!G11*$D$31) -> 0 | H11: =SUM(Soils_Vertis_p9!H11*$D$30,Soils_Plonos_p1!H11*$D$31) -> 0
A13: ksat | B13: cm/min | C13: =SUM(Soils_Vertis_p9!C13*$D$30,Soils_Plonos_p1!C13*$D$31) -> 0.345 | D13: =SUM(Soils_Vertis_p9!D13*$D$30,Soils_Plonos_p1!D13*$D$31) -> 0.108925 | E13: =SUM(Soils_Vertis_p9!E13*$D$30,Soils_Plonos_p1!E13*$D$31) -> 0.083865 | F13: =SUM(Soils_Vertis_p9!F13*$D$30,Soils_Plonos_p1!F13*$D$31) -> 0.1031 | G13: =SUM(Soils_Vertis_p9!G13*$D$30,Soils_Plonos_p1!G13*$D$31) -> 0 | H13: =SUM(Soils_Vertis_p9!H13*$D$30,Soils_Plonos_p1!H13*$D$31) -> 0
A14: wcmax | B14: dm^3/m^3 | C14: =SUM(Soils_Vertis_p9!C14*$D$30,Soils_Plonos_p1!C14*$D$31) -> 416.64 | D14: =SUM(Soils_Vertis_p9!D14*$D$30,Soils_Plonos_p1!D14*$D$31) -> 308.8 | E14: =SUM(Soils_Vertis_p9!E14*$D$30,Soils_Plonos_p1!E14*$D$31) -> 379.88 | F14: =SUM(Soils_Vertis_p9!F14*$D$30,Soils_Plonos_p1!F14*$D$31) -> 59.455 | G14: =SUM(Soils_Vertis_p9!G14*$D$30,Soils_Plonos_p1!G14*$D$31) -> 41.73 | H14: =SUM(Soils_Vertis_p9!H14*$D$30,Soils_Plonos_p1!H14*$D$31) -> 41.93
A15: wcmin | B15: dm^3/m^3 | C15: =SUM(Soils_Vertis_p9!C15*$D$30,Soils_Plonos_p1!C15*$D$31) -> 312.46 | D15: =SUM(Soils_Vertis_p9!D15*$D$30,Soils_Plonos_p1!D15*$D$31) -> 206.38 | E15: =SUM(Soils_Vertis_p9!E15*$D$30,Soils_Plonos_p1!E15*$D$31) -> 320.295 | F15: =SUM(Soils_Vertis_p9!F15*$D$30,Soils_Plonos_p1!F15*$D$31) -> 323.345 | G15: =SUM(Soils_Vertis_p9!G15*$D$30,Soils_Plonos_p1!G15*$D$31) -> 35.77 | H15: =SUM(Soils_Vertis_p9!H15*$D$30,Soils_Plonos_p1!H15*$D$31) -> 38.77
A17: corg | B17: kg/kg | C17: 0.0259 | D17: 0.0167 | E17: 0.0104 | F17: 0.0104
A18: norg
B24: Sources | C24: Gachene et al. (2024)
C25: ISRIC
C27: Missing data
B30: Weights | C30: Vertis p9 | D30: 0.05
C31: Planos p1 | D31: =1-D30 -> 0.95

Sheet Soils_Vertis_p9
C1: Layer | N1: conversion factors
A2: Parameter | B2: unit | C2: 7 | D2: 7-20 | E2: 20-47 | F2: 47-65 | G2: 65-85 | H2: 85-110 | I2: 110-130 | J2: 130-150 | K2: 150-175 | N2: g cm^3 to kg/dm^3 | O2: 1
A3: depth, mm | C3: 180 | D3: =(41-18)*10 -> 230 | E3: =(74-14)*10 -> 600 | F3: =(150-74)*10 -> 760 | G3: =(85-65)*10 -> 200 | H3: =(110-85)*10 -> 250
A4: depth, cm | C4: =C3/10 -> 18 | D4: =D3/10 -> 23 | E4: =E3/10 -> 60 | F4: =F3/10 -> 76 | G4: =G3/10 -> 20 | H4: =H3/10 -> 25
A6: ph | B6: - | C6: 6.83 | D6: 6.02 | E6: 6.25 | F6: 6.22 | N6: second to minute | O6: 60
A7: bd | B7: kg/dm^3 | C7: 0.85 | D7: 0.95 | E7: 1.01 | F7: 1.13
A9: clay | B9: kg/kg | C9: 0.5145 | D9: 0.5735 | E9: 0.6143 | F9: 0.6144
A10: sand | B10: kg/kg | C10: 0.358 | D10: 0.2995 | E10: 0.2785 | F10: 0.2984
A11: silt | B11: kg/kg | C11: 0.1272 | D11: 0.127 | E11: 0.1072 | F11: 0.0872
A13: ksat | B13: cm/min | C13: 0.25 | D13: 0.25 | E13: 0.41 | F13: 0.2
A14: wcmax | B14: dm^3/m^3 | C14: 411.7 | D14: 479.8 | E14: 632.2 | F14: 442.4 | G14: 41.73 | H14: 41.93
A15: wcmin | B15: dm^3/m^3 | C15: 319.3 | D15: 407.4 | E15: 512.1 | F15: 390.7 | G15: =35.77 -> 35.77 | H15: 38.77
A17: corg | B17: kg/kg | C17: 0.0259 | D17: 0.0167 | E17: 0.0104 | F17: 0.0104
A18: norg
B24: Sources | C24: Gachene et al. (2024)
C25: ISRIC
C27: Missing data

Sheet Soils_Plonos_p1
C1: Layer | N1: conversion factors
A2: Parameter | B2: unit | C2: 7 | D2: 7-20 | E2: 20-47 | F2: 47-65 | G2: 65-85 | H2: 85-110 | I2: 110-130 | J2: 130-150 | K2: 150-175 | N2: g cm^3 to kg/dm^3 | O2: 1
A3: depth, mm | C3: 180 | D3: =(41-18)*10 -> 230 | E3: =(74-14)*10 -> 600 | F3: =(150-74)*10 -> 760 | G3: =(85-65)*10 -> 200 | H3: =(110-85)*10 -> 250
A4: depth, cm | C4: =C3/10 -> 18 | D4: =D3/10 -> 23 | E4: =E3/10 -> 60 | F4: =F3/10 -> 76 | G4: =G3/10 -> 20 | H4: =H3/10 -> 25
A6: ph | B6: - | C6: 6.83 | D6: 6.02 | E6: 6.25 | F6: 6.22 | N6: second to minute | O6: 60
A7: bd | B7: kg/dm^3 | C7: 1.5 | D7: 1.5 | E7: 1.06
A9: clay | B9: kg/kg | C9: 0.51 | D9: 0.21 | E9: 0.4 | F9: 0.26
A10: sand | B10: kg/kg | C10: 0.358 | D10: 0.6655 | E10: 0.5457 | F10: 0.4446
A11: silt | B11: kg/kg | C11: 0.13 | D11: 0.12 | E11: 0.04 | F11: 0.16
A13: ksat | B13: cm/min | C13: 0.35 | D13: 0.1015 | E13: 0.0667 | F13: 0.098
A14: wcmax | B14: dm^3/m^3 | C14: 416.9 | D14: 299.8 | E14: 366.6 | F14: 39.3 | G14: 41.73 | H14: 41.93
A15: wcmin | B15: dm^3/m^3 | C15: 312.1 | D15: 195.8 | E15: 310.2 | F15: 319.8 | G15: =35.77 -> 35.77 | H15: 38.77
A17: corg | B17: kg/kg | C17: 0.0259 | D17: 0.0167 | E17: 0.0104 | F17: 0.0104
A18: norg
B24: Sources | C24: Gachene et al. (2024)
C25: ISRIC
C27: Missing data

Sheet Soil_parameters_Ferral_P8
C1: Layer | N1: conversion factors
A2: Parameter | B2: unit | C2: 7 | D2: 7-20 | E2: 20-47 | F2: 47-65 | G2: 65-85 | H2: 85-110 | I2: 110-130 | J2: 130-150 | K2: 150-175 | N2: g cm^3 to kg/dm^3 | O2: 1
A3: depth, mm | C3: 180 | D3: =(41-18)*10 -> 230 | E3: =(74-14)*10 -> 600 | F3: =(150-74)*10 -> 760 | G3: =(85-65)*10 -> 200 | H3: =(110-85)*10 -> 250
A4: depth, cm | C4: =C3/10 -> 18 | D4: =D3/10 -> 23 | E4: =E3/10 -> 60 | F4: =F3/10 -> 76 | G4: =G3/10 -> 20 | H4: =H3/10 -> 25
A6: ph | B6: - | C6: 6.83 | D6: 6.02 | E6: 6.25 | F6: 6.22 | N6: second to minute | O6: 60
A7: bd | B7: kg/dm^3 | C7: 1.14 | D7: 1.46 | E7: 1.57 | F7: 1.52
A9: clay | B9: kg/kg | C9: 0.0959 | D9: 0.0955 | E9: 0.096 | F9: 0.116
A10: sand | B10: kg/kg | C10: 0.8641 | D10: 0.85 | E10: 0.86 | F10: 0.82
A11: silt | B11: kg/kg | C11: 0.04 | D11: 0.06 | E11: 0.04 | F11: 0.04
A13: ksat | B13: cm/min | C13: 0.35 | D13: 0.1015 | E13: 0.0667 | F13: 0.098
A14: wcmax | B14: dm^3/m^3 | C14: =225.6 -> 225.6 | D14: =297.5 -> 297.5 | E14: =348.6 -> 348.6 | F14: =434.5 -> 434.5 | G14: 41.73 | H14: 41.93
A15: wcmin | B15: dm^3/m^3 | C15: =39.4 -> 39.4 | D15: =105.8 -> 105.8 | E15: =98.9 -> 98.9 | F15: =158.5 -> 158.5 | G15: =35.77 -> 35.77 | H15: 38.77
A17: corg | B17: kg/kg | C17: 0.0259 | D17: 0.0167 | E17: 0.0104 | F17: 0.0104
A18: norg
B24: Sources | C24: Gachene et al. (2024)
C25: ISRIC
C27: Missing data

Sheet Soils_Vertis_p4
C1: Layer | N1: conversion factors
A2: Parameter | B2: unit | C2: 7 | D2: 7-20 | E2: 20-47 | F2: 47-65 | G2: 65-85 | H2: 85-110 | I2: 110-130 | J2: 130-150 | K2: 150-175 | N2: g cm^3 to kg/dm^3 | O2: 1
A3: depth, mm | C3: 180 | D3: =(41-18)*10 -> 230 | E3: =(74-14)*10 -> 600 | F3: =(150-74)*10 -> 760 | G3: =(85-65)*10 -> 200 | H3: =(110-85)*10 -> 250
A4: depth, cm | C4: =C3/10 -> 18 | D4: =D3/10 -> 23 | E4: =E3/10 -> 60 | F4: =F3/10 -> 76 | G4: =G3/10 -> 20 | H4: =H3/10 -> 25
A6: ph | B6: - | C6: 6.83 | D6: 6.02 | E6: 6.25 | F6: 6.22 | N6: second to minute | O6: 60
A7: bd | B7: kg/dm^3 | C7: 1.1 | D7: 1.2 | E7: 1.32 | F7: 1.24
A9: clay | B9: kg/kg | C9: 0.6 | D9: 0.6 | E9: 0.6 | F9: 0.6
A10: sand | B10: kg/kg | C10: 0.3 | D10: 0.3 | E10: 0.3 | F10: 0.3
A11: silt | B11: kg/kg | C11: 0.1 | D11: 0.1 | E11: 0.1 | F11: 0.1
A13: ksat | B13: cm/min | C13: =Soils_Vertis_p7!C13 -> 0.25 | D13: =Soils_Vertis_p7!D13 -> 0.25 | E13: =Soils_Vertis_p7!E13 -> 0.41 | F13: =Soils_Vertis_p7!F13 -> 0.2
A14: wcmax | B14: dm^3/m^3 | C14: 420.6 | D14: 562.9 | E14: 416.7 | F14: 442.4 | G14: 41.73 | H14: 41.93
A15: wcmin | B15: dm^3/m^3 | C15: 356.6 | D15: 434 | E15: 300.6 | F15: 390.7 | G15: =35.77 -> 35.77 | H15: 38.77
A17: corg | B17: kg/kg | C17: 0.0259 | D17: 0.0167 | E17: 0.0104 | F17: 0.0104
A18: norg
B24: Sources | C24: Gachene et al. (2024)
C25: ISRIC
C27: Missing data

Sheet Soils_Vertis_p7
C1: Layer | N1: conversion factors
A2: Parameter | B2: unit | C2: 7 | D2: 7-20 | E2: 20-47 | F2: 47-65 | G2: 65-85 | H2: 85-110 | I2: 110-130 | J2: 130-150 | K2: 150-175 | N2: g cm^3 to kg/dm^3 | O2: 1
A3: depth, mm | C3: 180 | D3: =(41-18)*10 -> 230 | E3: =(74-14)*10 -> 600 | F3: =(150-74)*10 -> 760 | G3: =(85-65)*10 -> 200 | H3: =(110-85)*10 -> 250
A4: depth, cm | C4: =C3/10 -> 18 | D4: =D3/10 -> 23 | E4: =E3/10 -> 60 | F4: =F3/10 -> 76 | G4: =G3/10 -> 20 | H4: =H3/10 -> 25
A6: ph | B6: - | C6: 6.83 | D6: 6.02 | E6: 6.25 | F6: 6.22 | N6: second to minute | O6: 60
A7: bd | B7: kg/dm^3 | C7: 1.14 | D7: 1.14 | E7: 1.05 | F7: 1.13
A9: clay | B9: kg/kg | C9: 0.5357 | D9: 0.6357 | E9: 0.5947 | F9: 0.56
A10: sand | B10: kg/kg | C10: 0.2644 | D10: 0.2443 | E10: 0.2257 | F10: 0.364
A11: silt | B11: kg/kg | C11: 0.199 | D11: 0.12 | E11: 0.1796 | F11: 0.58
A13: ksat | B13: cm/min | C13: 0.25 | D13: 0.25 | E13: 0.41 | F13: 0.2
A14: wcmax | B14: dm^3/m^3 | C14: 439.2 | D14: 423 | E14: 440 | F14: 442.4 | G14: 41.73 | H14: 41.93
A15: wcmin | B15: dm^3/m^3 | C15: 363 | D15: 360 | E15: 390 | F15: 390.7 | G15: =35.77 -> 35.77 | H15: 38.77
A17: corg | B17: kg/kg | C17: 0.0259 | D17: 0.0167 | E17: 0.0104 | F17: 0.0104
A18: norg
B24: Sources | C24: Gachene et al. (2024)
C25: ISRIC
C27: Missing data

Sheet Soils_Vertis_p12
C1: Layer | N1: conversion factors
A2: Parameter | B2: unit | C2: 7 | D2: 7-20 | E2: 20-47 | F2: 47-65 | G2: 65-85 | H2: 85-110 | I2: 110-130 | J2: 130-150 | K2: 150-175 | N2: g cm^3 to kg/dm^3 | O2: 1
A3: depth, mm | C3: 180 | D3: =(41-18)*10 -> 230 | E3: =(74-14)*10 -> 600 | F3: =(150-74)*10 -> 760 | G3: =(85-65)*10 -> 200 | H3: =(110-85)*10 -> 250
A4: depth, cm | C4: =C3/10 -> 18 | D4: =D3/10 -> 23 | E4: =E3/10 -> 60 | F4: =F3/10 -> 76 | G4: =G3/10 -> 20 | H4: =H3/10 -> 25
A6: ph | B6: - | C6: 6.83 | D6: 6.02 | E6: 6.25 | F6: 6.22 | N6: second to minute | O6: 60
A7: bd | B7: kg/dm^3 | C7: 1.19 | D7: 1.1 | E7: 1.1 | F7: 1.1
A9: clay | B9: kg/kg | C9: 0.3551 | D9: 0.4342 | E9: 0.4545 | F9: 0.6
A10: sand | B10: kg/kg | C10: 0.5588 | D10: 0.4986 | E10: 0.4383 | F10: 0.3
A11: silt | B11: kg/kg | C11: 0.0871 | D11: 0.0672 | E11: 0.1072 | F11: 0.1
A13: ksat | B13: cm/min | C13: =Soils_Vertis_p7!C13 -> 0.25 | D13: =Soils_Vertis_p7!D13 -> 0.25 | E13: =Soils_Vertis_p7!E13 -> 0.41 | F13: =Soils_Vertis_p7!F13 -> 0.2
A14: wcmax | B14: dm^3/m^3 | C14: 420.6 | D14: 562.9 | E14: 416.7 | F14: 442.4 | G14: 41.73 | H14: 41.93
A15: wcmin | B15: dm^3/m^3 | C15: 359.5 | D15: 401.4 | E15: 300.6 | F15: 390.7 | G15: =35.77 -> 35.77 | H15: 38.77
A17: corg | B17: kg/kg | C17: 0.0259 | D17: 0.0167 | E17: 0.0104 | F17: 0.0104
A18: norg
B24: Sources | C24: Gachene et al. (2024)
C25: ISRIC
C27: Missing data

Sheet Soils_wgt_avg
C1: Layer | N1: conversion factors
A2: Parameter | B2: unit | C2: 7 | D2: 7-20 | E2: 20-47 | F2: 47-65 | G2: 65-85 | H2: 85-110 | I2: 110-130 | J2: 130-150 | K2: 150-175 | N2: g cm^3 to kg/dm^3 | O2: 1
A3: depth, mm | C3: 180 | D3: =(41-18)*10 -> 230 | E3: =(74-14)*10 -> 600 | F3: =(150-74)*10 -> 760 | G3: =(85-65)*10 -> 200 | H3: =(110-85)*10 -> 250
A4: depth, cm | C4: =C3/10 -> 18 | D4: =D3/10 -> 23 | E4: =E3/10 -> 60 | F4: =F3/10 -> 76 | G4: =G3/10 -> 20 | H4: =H3/10 -> 25
A6: ph | B6: - | C6: =SUM(Soils_Vertis_p7!C6*$D$31,Soils_Vertis_p4!C6*$D$30,Soils_Vertis_p12!C6*$D$32,Soil_parameters_Ferral_P8!C6*Soils_wgt_avg!$D$33) -> 6.83 | D6: =SUM(Soils_Vertis_p7!D6*$D$31,Soils_Vertis_p4!D6*$D$30,Soils_Vertis_p12!D6*$D$32,Soil_parameters_Ferral_P8!D6*Soils_wgt_avg!$D$33) -> 6.02 | E6: =SUM(Soils_Vertis_p7!E6*$D$31,Soils_Vertis_p4!E6*$D$30,Soils_Vertis_p12!E6*$D$32,Soil_parameters_Ferral_P8!E6*Soils_wgt_avg!$D$33) -> 6.25 | F6: =SUM(Soils_Vertis_p7!F6*$D$31,Soils_Vertis_p4!F6*$D$30,Soils_Vertis_p12!F6*$D$32,Soil_parameters_Ferral_P8!F6*Soils_wgt_avg!$D$33) -> 6.22 | G6: =SUM(Soils_Vertis_p7!G6*$D$31,Soils_Vertis_p4!G6*$D$30,Soils_Vertis_p12!G6*$D$32,Soil_parameters_Ferral_P8!G6*Soils_wgt_avg!$D$33) -> 0 | H6: =SUM(Soils_Vertis_p7!H6*$D$31,Soils_Vertis_p4!H6*$D$30,Soils_Vertis_p12!H6*$D$32,Soil_parameters_Ferral_P8!H6*Soils_wgt_avg!$D$33) -> 0 | N6: second to minute | O6: 60
A7: bd | B7: kg/dm^3 | C7: =SUM(Soils_Vertis_p7!C7*$D$31,Soils_Vertis_p4!C7*$D$30,Soils_Vertis_p12!C7*$D$32,Soil_parameters_Ferral_P8!C7*Soils_wgt_avg!$D$33) -> 1.17 | D7: =SUM(Soils_Vertis_p7!D7*$D$31,Soils_Vertis_p4!D7*$D$30,Soils_Vertis_p12!D7*$D$32,Soil_parameters_Ferral_P8!D7*Soils_wgt_avg!$D$33) -> 1.244 | E7: =SUM(Soils_Vertis_p7!E7*$D$31,Soils_Vertis_p4!E7*$D$30,Soils_Vertis_p12!E7*$D$32,Soil_parameters_Ferral_P8!E7*Soils_wgt_avg!$D$33) -> 1.288 | F7: =SUM(Soils_Vertis_p7!F7*$D$31,Soils_Vertis_p4!F7*$D$30,Soils_Vertis_p12!F7*$D$32,Soil_parameters_Ferral_P8!F7*Soils_wgt_avg!$D$33) -> 1.268 | G7: =SUM(Soils_Vertis_p7!G7*$D$31,Soils_Vertis_p4!G7*$D$30,Soils_Vertis_p12!G7*$D$32,Soil_parameters_Ferral_P8!G7*Soils_wgt_avg!$D$33) -> 0 | H7: =SUM(Soils_Vertis_p7!H7*$D$31,Soils_Vertis_p4!H7*$D$30,Soils_Vertis_p12!H7*$D$32,Soil_parameters_Ferral_P8!H7*Soils_wgt_avg!$D$33) -> 0
C8: =SUM(Soils_Vertis_p7!C8*$D$31,Soils_Vertis_p4!C8*$D$30,Soils_Vertis_p12!C8*$D$32,Soil_parameters_Ferral_P8!C8*Soils_wgt_avg!$D$33) -> 0 | D8: =SUM(Soils_Vertis_p7!D8*$D$31,Soils_Vertis_p4!D8*$D$30,Soils_Vertis_p12!D8*$D$32,Soil_parameters_Ferral_P8!D8*Soils_wgt_avg!$D$33) -> 0 | E8: =SUM(Soils_Vertis_p7!E8*$D$31,Soils_Vertis_p4!E8*$D$30,Soils_Vertis_p12!E8*$D$32,Soil_parameters_Ferral_P8!E8*Soils_wgt_avg!$D$33) -> 0 | F8: =SUM(Soils_Vertis_p7!F8*$D$31,Soils_Vertis_p4!F8*$D$30,Soils_Vertis_p12!F8*$D$32,Soil_parameters_Ferral_P8!F8*Soils_wgt_avg!$D$33) -> 0 | G8: =SUM(Soils_Vertis_p7!G8*$D$31,Soils_Vertis_p4!G8*$D$30,Soils_Vertis_p12!G8*$D$32,Soil_parameters_Ferral_P8!G8*Soils_wgt_avg!$D$33) -> 0 | H8: =SUM(Soils_Vertis_p7!H8*$D$31,Soils_Vertis_p4!H8*$D$30,Soils_Vertis_p12!H8*$D$32,Soil_parameters_Ferral_P8!H8*Soils_wgt_avg!$D$33) -> 0
A9: clay | B9: kg/kg | C9: =SUM(Soils_Vertis_p7!C9*$D$31,Soils_Vertis_p4!C9*$D$30,Soils_Vertis_p12!C9*$D$32,Soil_parameters_Ferral_P8!C9*Soils_wgt_avg!$D$33) -> 0.25142 | D9: =SUM(Soils_Vertis_p7!D9*$D$31,Soils_Vertis_p4!D9*$D$30,Soils_Vertis_p12!D9*$D$32,Soil_parameters_Ferral_P8!D9*Soils_wgt_avg!$D$33) -> 0.29872 | E9: =SUM(Soils_Vertis_p7!E9*$D$31,Soils_Vertis_p4!E9*$D$30,Soils_Vertis_p12!E9*$D$32,Soil_parameters_Ferral_P8!E9*Soils_wgt_avg!$D$33) -> 0.3111 | F9: =SUM(Soils_Vertis_p7!F9*$D$31,Soils_Vertis_p4!F9*$D$30,Soils_Vertis_p12!F9*$D$32,Soil_parameters_Ferral_P8!F9*Soils_wgt_avg!$D$33) -> 0.4064 | G9: =SUM(Soils_Vertis_p7!G9*$D$31,Soils_Vertis_p4!G9*$D$30,Soils_Vertis_p12!G9*$D$32,Soil_parameters_Ferral_P8!G9*Soils_wgt_avg!$D$33) -> 0 | H9: =SUM(Soils_Vertis_p7!H9*$D$31,Soils_Vertis_p4!H9*$D$30,Soils_Vertis_p12!H9*$D$32,Soil_parameters_Ferral_P8!H9*Soils_wgt_avg!$D$33) -> 0
A10: sand | B10: kg/kg | C10: =SUM(Soils_Vertis_p7!C10*$D$31,Soils_Vertis_p4!C10*$D$30,Soils_Vertis_p12!C10*$D$32,Soil_parameters_Ferral_P8!C10*Soils_wgt_avg!$D$33) -> 0.68092 | D10: =SUM(Soils_Vertis_p7!D10*$D$31,Soils_Vertis_p4!D10*$D$30,Soils_Vertis_p12!D10*$D$32,Soil_parameters_Ferral_P8!D10*Soils_wgt_avg!$D$33) -> 0.63916 | E10: =SUM(Soils_Vertis_p7!E10*$D$31,Soils_Vertis_p4!E10*$D$30,Soils_Vertis_p12!E10*$D$32,Soil_parameters_Ferral_P8!E10*Soils_wgt_avg!$D$33) -> 0.60698 | F10: =SUM(Soils_Vertis_p7!F10*$D$31,Soils_Vertis_p4!F10*$D$30,Soils_Vertis_p12!F10*$D$32,Soil_parameters_Ferral_P8!F10*Soils_wgt_avg!$D$33) -> 0.508 | G10: =SUM(Soils_Vertis_p7!G10*$D$31,Soils_Vertis_p4!G10*$D$30,Soils_Vertis_p12!G10*$D$32,Soil_parameters_Ferral_P8!G10*Soils_wgt_avg!$D$33) -> 0 | H10: =SUM(Soils_Vertis_p7!H10*$D$31,Soils_Vertis_p4!H10*$D$30,Soils_Vertis_p12!H10*$D$32,Soil_parameters_Ferral_P8!H10*Soils_wgt_avg!$D$33) -> 0
A11: silt | B11: kg/kg | C11: =SUM(Soils_Vertis_p7!C11*$D$31,Soils_Vertis_p4!C11*$D$30,Soils_Vertis_p12!C11*$D$32,Soil_parameters_Ferral_P8!C11*Soils_wgt_avg!$D$33) -> 0.06826 | D11: =SUM(Soils_Vertis_p7!D11*$D$31,Soils_Vertis_p4!D11*$D$30,Soils_Vertis_p12!D11*$D$32,Soil_parameters_Ferral_P8!D11*Soils_wgt_avg!$D$33) -> 0.06432 | E11: =SUM(Soils_Vertis_p7!E11*$D$31,Soils_Vertis_p4!E11*$D$30,Soils_Vertis_p12!E11*$D$32,Soil_parameters_Ferral_P8!E11*Soils_wgt_avg!$D$33) -> 0.08032 | F11: =SUM(Soils_Vertis_p7!F11*$D$31,Soils_Vertis_p4!F11*$D$30,Soils_Vertis_p12!F11*$D$32,Soil_parameters_Ferral_P8!F11*Soils_wgt_avg!$D$33) -> 0.076 | G11: =SUM(Soils_Vertis_p7!G11*$D$31,Soils_Vertis_p4!G11*$D$30,Soils_Vertis_p12!G11*$D$32,Soil_parameters_Ferral_P8!G11*Soils_wgt_avg!$D$33) -> 0 | H11: =SUM(Soils_Vertis_p7!H11*$D$31,Soils_Vertis_p4!H11*$D$30,Soils_Vertis_p12!H11*$D$32,Soil_parameters_Ferral_P8!H11*Soils_wgt_avg!$D$33) -> 0
A13: ksat | B13: cm/min | C13: =SUM(Soils_Vertis_p7!C13*$D$31,Soils_Vertis_p4!C13*$D$30,Soils_Vertis_p12!C13*$D$32,Soil_parameters_Ferral_P8!C13*Soils_wgt_avg!$D$33) -> 0.29 | D13: =SUM(Soils_Vertis_p7!D13*$D$31,Soils_Vertis_p4!D13*$D$30,Soils_Vertis_p12!D13*$D$32,Soil_parameters_Ferral_P8!D13*Soils_wgt_avg!$D$33) -> 0.1906 | E13: =SUM(Soils_Vertis_p7!E13*$D$31,Soils_Vertis_p4!E13*$D$30,Soils_Vertis_p12!E13*$D$32,Soil_parameters_Ferral_P8!E13*Soils_wgt_avg!$D$33) -> 0.27268 | F13: =SUM(Soils_Vertis_p7!F13*$D$31,Soils_Vertis_p4!F13*$D$30,Soils_Vertis_p12!F13*$D$32,Soil_parameters_Ferral_P8!F13*Soils_wgt_avg!$D$33) -> 0.1592 | G13: =SUM(Soils_Vertis_p7!G13*$D$31,Soils_Vertis_p4!G13*$D$30,Soils_Vertis_p12!G13*$D$32,Soil_parameters_Ferral_P8!G13*Soils_wgt_avg!$D$33) -> 0 | H13: =SUM(Soils_Vertis_p7!H13*$D$31,Soils_Vertis_p4!H13*$D$30,Soils_Vertis_p12!H13*$D$32,Soil_parameters_Ferral_P8!H13*Soils_wgt_avg!$D$33) -> 0
A14: wcmax | B14: dm^3/m^3 | C14: =SUM(Soils_Vertis_p7!C14*$D$31,Soils_Vertis_p4!C14*$D$30,Soils_Vertis_p12!C14*$D$32,Soil_parameters_Ferral_P8!C14*Soils_wgt_avg!$D$33) -> 342.6 | D14: =SUM(Soils_Vertis_p7!D14*$D$31,Soils_Vertis_p4!D14*$D$30,Soils_Vertis_p12!D14*$D$32,Soil_parameters_Ferral_P8!D14*Soils_wgt_avg!$D$33) -> 456.74 | E14: =SUM(Soils_Vertis_p7!E14*$D$31,Soils_Vertis_p4!E14*$D$30,Soils_Vertis_p12!E14*$D$32,Soil_parameters_Ferral_P8!E14*Soils_wgt_avg!$D$33) -> 389.46 | F14: =SUM(Soils_Vertis_p7!F14*$D$31,Soils_Vertis_p4!F14*$D$30,Soils_Vertis_p12!F14*$D$32,Soil_parameters_Ferral_P8!F14*Soils_wgt_avg!$D$33) -> 439.24 | G14: =SUM(Soils_Vertis_p7!G14*$D$31,Soils_Vertis_p4!G14*$D$30,Soils_Vertis_p12!G14*$D$32,Soil_parameters_Ferral_P8!G14*Soils_wgt_avg!$D$33) -> 41.73 | H14: =SUM(Soils_Vertis_p7!H14*$D$31,Soils_Vertis_p4!H14*$D$30,Soils_Vertis_p12!H14*$D$32,Soil_parameters_Ferral_P8!H14*Soils_wgt_avg!$D$33) -> 41.93
A15: wcmin | B15: dm^3/m^3 | C15: =SUM(Soils_Vertis_p7!C15*$D$31,Soils_Vertis_p4!C15*$D$30,Soils_Vertis_p12!C15*$D$32,Soil_parameters_Ferral_P8!C15*Soils_wgt_avg!$D$33) -> 231.46 | D15: =SUM(Soils_Vertis_p7!D15*$D$31,Soils_Vertis_p4!D15*$D$30,Soils_Vertis_p12!D15*$D$32,Soil_parameters_Ferral_P8!D15*Soils_wgt_avg!$D$33) -> 283.16 | E15: =SUM(Soils_Vertis_p7!E15*$D$31,Soils_Vertis_p4!E15*$D$30,Soils_Vertis_p12!E15*$D$32,Soil_parameters_Ferral_P8!E15*Soils_wgt_avg!$D$33) -> 219.92 | F15: =SUM(Soils_Vertis_p7!F15*$D$31,Soils_Vertis_p4!F15*$D$30,Soils_Vertis_p12!F15*$D$32,Soil_parameters_Ferral_P8!F15*Soils_wgt_avg!$D$33) -> 297.82 | G15: =SUM(Soils_Vertis_p7!G15*$D$31,Soils_Vertis_p4!G15*$D$30,Soils_Vertis_p12!G15*$D$32,Soil_parameters_Ferral_P8!G15*Soils_wgt_avg!$D$33) -> 35.77 | H15: =SUM(Soils_Vertis_p7!H15*$D$31,Soils_Vertis_p4!H15*$D$30,Soils_Vertis_p12!H15*$D$32,Soil_parameters_Ferral_P8!H15*Soils_wgt_avg!$D$33) -> 38.77
A17: corg | B17: kg/kg | C17: 0.0259 | D17: 0.0167 | E17: 0.0104 | F17: 0.0104
A18: norg
B24: Sources | C24: Gachene et al. (2024)
C25: ISRIC
C27: Missing data
B30: Weights | C30: Vertis p4 | D30: 0
C31: Vertis p7 | D31: 0
C32: Vertis p12 | D32: 0.6
C33: Ferral p8 | D33: 0.4
C34: Planos p13 | D34: 0

Sheet Soil_Ferral_ISRIC_KE007 (2)
C1: Layer | N1: conversion factors
A2: Parameter | B2: unit | C2: 1 | D2: 2 | E2: 3 | F2: 4 | G2: 5 | H2: 6 | I2: 7 | J2: 8 | K2: 9 | N2: g cm^3 to kg/dm^3 | O2: 1
A3: depth, mm | C3: 190 | D3: =(31-19)*10 -> 120 | E3: =(50-30)*10 -> 200 | F3: =(80-50)*10 -> 300 | G3: =(85-65)*10 -> 200 | H3: =(110-85)*10 -> 250
A4: depth, cm | C4: =C3/10 -> 19 | D4: =D3/10 -> 12 | E4: =E3/10 -> 20 | F4: =F3/10 -> 30 | G4: =G3/10 -> 20 | H4: =H3/10 -> 25
A6: ph | B6: - | C6: 6.83 | D6: 6.02 | E6: 6.25 | F6: 6.22 | N6: second to minute | O6: 60
A7: bd | B7: kg/dm^3 | C7: 1.19 | D7: 1.19 | E7: 1.22
A9: clay | B9: kg/kg | C9: 0.716 | D9: 0.859 | E9: 0.839 | F9: 0.838
A10: sand | B10: kg/kg | C10: 0.106 | D10: 0.09 | E10: 0.081 | F10: 0.007
A11: silt | B11: kg/kg | C11: =1-C9-C10 -> 0.178 | D11: =1-D9-D10 -> 0.051 | E11: =1-E9-E10 -> 0.08 | F11: =1-F9-F10 -> 0.155
A13: ksat | B13: cm/min | C13: 0.35 | D13: 0.1015 | E13: 0.0667 | F13: 0.098
A14: wcmax | B14: dm^3/m^3 | C14: =225.6 -> 225.6 | D14: =297.5 -> 297.5 | E14: =348.6 -> 348.6 | F14: =434.5 -> 434.5 | G14: 41.73 | H14: 41.93
A15: wcmin | B15: dm^3/m^3 | C15: =39.4 -> 39.4 | D15: =105.8 -> 105.8 | E15: =98.9 -> 98.9 | F15: =158.5 -> 158.5 | G15: =35.77 -> 35.77 | H15: 38.77
A17: corg | B17: kg/kg | C17: 0.0259 | D17: 0.0167 | E17: 0.0104 | F17: 0.0104
A18: norg
B24: Sources | C24: Gachene et al. (2024)
C25: ISRIC
C27: Missing data

Sheet ISRIC Reference soils
A2: Ferralsols | B2: 6 | C2: Mollic- Ferralsol (Humic Eutric Clayic) | F2: https://museum.isric.org/monoliths/reference-soil-kenya-06
B3: 7 | C3: Haplic- Ferralsol (Humic Dystric Clayic) | F3: https://museum.isric.org/monoliths/reference-soil-kenya-07
B4: 9 | C4: Eutri-Rhodic Ferralsol | F4: https://museum.isric.org/monoliths/reference-soil-kenya-09
B5: 11 | C5: Lixic-Vetic- Ferralsol (Eutric Rhodic) | F5: https://museum.isric.org/monoliths/reference-soil-kenya-11
B6: 29 | C6: Acric- Ferralsol (Dystric Rhodic | F6: https://museum.isric.org/monoliths/reference-soil-kenya-29
B7: 40 | C7: Umbric- Ferralsol (Humic Alumic Clayic) | F7: https://museum.isric.org/monoliths/reference-soil-kenya-40
B8: 48 | C8: Haplic- Ferralsol (Humic Dystric Clayic) | F8: https://museum.isric.org/monoliths/reference-soil-kenya-48
A11: Vertisols

Sheet Soil_Ferral_ISRIC_KE007
C1: Layer | N1: conversion factors
A2: Parameter | B2: unit | C2: 1 | D2: 2 | E2: 3 | F2: 4 | G2: 5 | H2: 6 | I2: 7 | J2: 8 | K2: 9 | N2: g cm^3 to kg/dm^3 | O2: 1
A3: depth, mm | C3: 190 | D3: =(31-19)*10 -> 120 | E3: =(50-30)*10 -> 200 | F3: =(80-50)*10 -> 300 | G3: =(85-65)*10 -> 200 | H3: =(110-85)*10 -> 250
A4: depth, cm | C4: =C3/10 -> 19 | D4: =D3/10 -> 12 | E4: =E3/10 -> 20 | F4: =F3/10 -> 30 | G4: =G3/10 -> 20 | H4: =H3/10 -> 25
A6: ph | B6: - | C6: 6.83 | D6: 6.02 | E6: 6.25 | F6: 6.22 | N6: second to minute | O6: 60
A7: bd | B7: kg/dm^3 | C7: 1.19 | D7: 1.19 | E7: 1.22
A9: clay | B9: kg/kg | C9: 0.716 | D9: 0.859 | E9: 0.839 | F9: 0.838
A10: sand | B10: kg/kg | C10: 0.106 | D10: 0.09 | E10: 0.081 | F10: 0.007
A11: silt | B11: kg/kg | C11: =1-C9-C10 -> 0.178 | D11: =1-D9-D10 -> 0.051 | E11: =1-E9-E10 -> 0.08 | F11: =1-F9-F10 -> 0.155
A13: ksat | B13: cm/min | C13: 0.35 | D13: 0.1015 | E13: 0.0667 | F13: 0.098
A14: wcmax | B14: dm^3/m^3 | C14: =225.6 -> 225.6 | D14: =297.5 -> 297.5 | E14: =348.6 -> 348.6 | F14: =434.5 -> 434.5 | G14: 41.73 | H14: 41.93
A15: wcmin | B15: dm^3/m^3 | C15: =39.4 -> 39.4 | D15: =105.8 -> 105.8 | E15: =98.9 -> 98.9 | F15: =158.5 -> 158.5 | G15: =35.77 -> 35.77 | H15: 38.77
A17: corg | B17: kg/kg | C17: 0.0259 | D17: 0.0167 | E17: 0.0104 | F17: 0.0104
A18: norg
B24: Sources | C24: Gachene et al. (2024)
C25: ISRIC
C27: Missing data

Sheet Soil_parameters_Ferral_ISRIC
C1: Layer | N1: conversion factors
A2: Parameter | B2: unit | C2: 31 | D2: 31-65 | E2: 65-85 | F2: 85-125 | G2: 65-85 | H2: 85-110 | I2: 110-130 | J2: 130-150 | K2: 150-175 | N2: g cm^3 to kg/dm^3 | O2: 1
A3: depth, mm | C3: 31 | D3: =(20-7)*10 -> 130 | E3: =(47-20)*10 -> 270 | F3: =(65-47)*10 -> 180 | G3: =(85-65)*10 -> 200 | H3: =(110-85)*10 -> 250
A4: depth, cm | C4: =C3/10 -> 3.1 | D4: =D3/10 -> 13 | E4: =E3/10 -> 27 | F4: =F3/10 -> 18 | G4: =G3/10 -> 20 | H4: =H3/10 -> 25
A6: ph | B6: - | N6: second to minute | O6: 60
A7: bd | B7: kg/dm^3
A9: clay | B9: kg/kg
A10: sand | B10: kg/kg
A11: silt | B11: kg/kg
A13: ksat | B13: cm/min
A14: wcmax | B14: dm^3/m^3 | C14: =440.4 -> 440.4 | D14: =297.8 -> 297.8 | E14: =372 -> 372 | F14: =423.4 -> 423.4 | G14: 41.73 | H14: 41.93
A15: wcmin | B15: dm^3/m^3 | C15: =353.1 -> 353.1 | D15: =200.9 -> 200.9 | E15: =252.2 -> 252.2 | F15: =267 -> 267 | G15: =35.77 -> 35.77 | H15: 38.77
A17: corg
A18: norg
B24: Sources | C24: Gachene et al. (2024)
C25: ISRIC
C27: Missing data

Sheet Soil_parameters_Ferral_Mean
C1: Layer | N1: conversion factors
A2: Parameter | B2: unit | C2: 7 | D2: 7-20 | E2: 20-47 | F2: 47-65 | G2: 65-85 | H2: 85-110 | I2: 110-130 | J2: 130-150 | K2: 150-175 | N2: g cm^3 to kg/dm^3 | O2: 1
A3: depth, mm | C3: 70 | D3: =(20-7)*10 -> 130 | E3: =(47-20)*10 -> 270 | F3: =(65-47)*10 -> 180 | G3: =(85-65)*10 -> 200 | H3: =(110-85)*10 -> 250
A4: depth, cm | C4: =C3/10 -> 7 | D4: =D3/10 -> 13 | E4: =E3/10 -> 27 | F4: =F3/10 -> 18 | G4: =G3/10 -> 20 | H4: =H3/10 -> 25
A6: ph | B6: - | N6: second to minute | O6: 60
A7: bd | B7: kg/dm^3
A9: clay | B9: kg/kg
A10: sand | B10: kg/kg
A11: silt | B11: kg/kg
A13: ksat | B13: cm/min
A14: wcmax | B14: dm^3/m^3 | C14: =AVERAGE(Soil_parameters_Ferral_P8!C14,Soil_parameters_Ferral_P14!C14) -> 333 | D14: =AVERAGE(Soil_parameters_Ferral_P8!D14,Soil_parameters_Ferral_P14!D14) -> 297.65 | E14: =AVERAGE(Soil_parameters_Ferral_P8!E14,Soil_parameters_Ferral_P14!E14) -> 360.3 | F14: =AVERAGE(Soil_parameters_Ferral_P8!F14,Soil_parameters_Ferral_P14!F14) -> 428.95 | G14: 41.73 | H14: 41.93
A15: wcmin | B15: dm^3/m^3 | C15: =AVERAGE(Soil_parameters_Ferral_P8!C15,Soil_parameters_Ferral_P14!C15) -> 196.25 | D15: =AVERAGE(Soil_parameters_Ferral_P8!D15,Soil_parameters_Ferral_P14!D15) -> 153.35 | E15: =AVERAGE(Soil_parameters_Ferral_P8!E15,Soil_parameters_Ferral_P14!E15) -> 175.55 | F15: =AVERAGE(Soil_parameters_Ferral_P8!F15,Soil_parameters_Ferral_P14!F15) -> 212.75 | G15: =35.77 -> 35.77 | H15: 38.77
A17: corg
A18: norg
B24: Sources | C24: Gachene et al. (2024)
C25: ISRIC
C27: Missing data

Sheet Soil_Ferral_ISRIC_KE009
C1: Layer | N1: conversion factors
A2: Parameter | B2: unit | C2: 1 | D2: 2 | E2: 3 | F2: 4 | G2: 5 | H2: 6 | I2: 7 | J2: 8 | K2: 9 | N2: g cm^3 to kg/dm^3 | O2: 1
A3: depth, mm | C3: 190 | D3: =(31-19)*10 -> 120 | E3: =(50-30)*10 -> 200 | F3: =(80-50)*10 -> 300 | G3: =(85-65)*10 -> 200 | H3: =(110-85)*10 -> 250
A4: depth, cm | C4: =C3/10 -> 19 | D4: =D3/10 -> 12 | E4: =E3/10 -> 20 | F4: =F3/10 -> 30 | G4: =G3/10 -> 20 | H4: =H3/10 -> 25
A6: ph | B6: - | C6: 6.83 | D6: 6.02 | E6: 6.25 | F6: 6.22 | N6: second to minute | O6: 60
A7: bd | B7: kg/dm^3 | C7: 1.19 | D7: 1.19 | E7: 1.22
A9: clay | B9: kg/kg | C9: 0.546 | D9: 0.64 | E9: 0.647 | F9: 0.659
A10: sand | B10: kg/kg | C10: 0.311 | D10: 0.278 | E10: 0.286 | F10: 0.277
A11: silt | B11: kg/kg | C11: =1-C9-C10 -> 0.143 | D11: =1-D9-D10 -> 0.082 | E11: =1-E9-E10 -> 0.067 | F11: =1-F9-F10 -> 0.064
A13: ksat | B13: cm/min | C13: 0.35 | D13: 0.1015 | E13: 0.0667 | F13: 0.098
A14: wcmax | B14: dm^3/m^3 | C14: =225.6 -> 225.6 | D14: =297.5 -> 297.5 | E14: =348.6 -> 348.6 | F14: =434.5 -> 434.5 | G14: 41.73 | H14: 41.93
A15: wcmin | B15: dm^3/m^3 | C15: =39.4 -> 39.4 | D15: =105.8 -> 105.8 | E15: =98.9 -> 98.9 | F15: =158.5 -> 158.5 | G15: =35.77 -> 35.77 | H15: 38.77
A17: corg | B17: kg/kg | C17: 0.0259 | D17: 0.0167 | E17: 0.0104 | F17: 0.0104
A18: norg
B24: Sources | C24: Gachene et al. (2024)
C25: ISRIC
C27: Missing data

Sheet Soil_parameters_Ferral_P14
C1: Layer | N1: conversion factors
A2: Parameter | B2: unit | C2: 31 | D2: 31-65 | E2: 65-85 | F2: 85-125 | G2: 65-85 | H2: 85-110 | I2: 110-130 | J2: 130-150 | K2: 150-175 | N2: g cm^3 to kg/dm^3 | O2: 1
A3: depth, mm | C3: 31 | D3: =(20-7)*10 -> 130 | E3: =(47-20)*10 -> 270 | F3: =(65-47)*10 -> 180 | G3: =(85-65)*10 -> 200 | H3: =(110-85)*10 -> 250
A4: depth, cm | C4: =C3/10 -> 3.1 | D4: =D3/10 -> 13 | E4: =E3/10 -> 27 | F4: =F3/10 -> 18 | G4: =G3/10 -> 20 | H4: =H3/10 -> 25
A6: ph | B6: - | N6: second to minute | O6: 60
A7: bd | B7: kg/dm^3
A9: clay | B9: kg/kg
A10: sand | B10: kg/kg
A11: silt | B11: kg/kg
A13: ksat | B13: cm/min
A14: wcmax | B14: dm^3/m^3 | C14: =440.4 -> 440.4 | D14: =297.8 -> 297.8 | E14: =372 -> 372 | F14: =423.4 -> 423.4 | G14: 41.73 | H14: 41.93
A15: wcmin | B15: dm^3/m^3 | C15: =353.1 -> 353.1 | D15: =200.9 -> 200.9 | E15: =252.2 -> 252.2 | F15: =267 -> 267 | G15: =35.77 -> 35.77 | H15: 38.77
A17: corg
A18: norg
B24: Sources | C24: Gachene et al. (2024)
C25: ISRIC
C27: Missing data

Sheet Soil_parameters (2)
C1: Layer | N1: conversion factors
A2: Parameter | B2: unit | C2: 7 | D2: 7-20 | E2: 20-47 | F2: 47-65 | G2: 65-85 | H2: 85-110 | I2: 110-130 | J2: 130-150 | K2: 150-175 | N2: g cm^3 to kg/dm^3 | O2: 1
A3: depth, mm | C3: 70 | D3: =(20-7)*10 -> 130 | E3: =(47-20)*10 -> 270 | F3: =(65-47)*10 -> 180 | G3: =(85-65)*10 -> 200 | H3: =(110-85)*10 -> 250
A4: depth, cm | C4: =C3/10 -> 7 | D4: =D3/10 -> 13 | E4: =E3/10 -> 27 | F4: =F3/10 -> 18 | G4: =G3/10 -> 20 | H4: =H3/10 -> 25
A6: ph | B6: - | C6: 5.4 | D6: 5.4 | E6: 5.5 | F6: 5.5 | G6: 5.4 | H6: 5.4 | N6: second to minute | O6: 60
A7: bd | B7: kg/dm^3 | C7: 1.14 | D7: 1.14 | E7: 1.14 | F7: 1.05 | G7: 1.05 | H7: 1.13
A9: clay | B9: kg/kg | C9: 0.603 | D9: 0.63 | E9: 0.543 | F9: 0.555 | G9: 0.537 | H9: 0.533
A10: sand | B10: kg/kg | C10: 0.061 | D10: 0.057 | E10: 0.08 | F10: 0.073 | G10: 0.089 | H10: 0.096
A11: silt | B11: kg/kg | C11: 0.337 | D11: 0.313 | E11: 0.378 | F11: 0.371 | G11: 0.375 | H11: 0.373
A13: ksat | B13: cm/min | C13: =0.25 -> 0.25 | D13: =0.25 -> 0.25 | E13: =0.25 -> 0.25 | F13: 0.41 | G13: 0.41 | H13: 0.2
A14: wcmax | B14: dm^3/m^3 | C14: =43.92 -> 43.92 | D14: =43.92 -> 43.92 | E14: =43.92 -> 43.92 | F14: 41.73 | G14: 41.73 | H14: 41.93
A15: wcmin | B15: dm^3/m^3 | C15: =36.33 -> 36.33 | D15: =36.33 -> 36.33 | E15: =36.33 -> 36.33 | F15: =35.77 -> 35.77 | G15: =35.77 -> 35.77 | H15: 38.77
A17: corg | C17: 0.0194 | D17: 0.012 | E17: 0.002 | F17: 0.0019 | G17: 0.0019 | H17: 0.0011
A18: norg | C18: 0.0021 | D18: 0.0016 | E18: 0.0007 | F18: 0.0007
B24: Sources | C24: Gachene et al. (2024)
C25: ISRIC
C27: Missing data

Sheet Cattle density
B1: all
A2: population | B2: 1500
A3: area | B3: 13000
A4: density (head/ha) | B4: =B2/B3 -> 0.11538462
A7: grazing periodicity parameter
B8: 10
A10: months per year | B10: =12/B8 -> 1.2
A11: hours per day | B11: 6
A13: density during grazing | B13: =B4*B8*10/B11 -> 1.9230769
B15: =(B8*B4)*10/B11 -> 1.9230769
A18: reverse calculation | B18: =B13*(6/10)*(1/12) -> 0.096153846

Sheet Tree density
A2: mean crown area Acacia | B2: 10
A3: mean crown area Burkea | B3: 18
A5: mean crown area | B5: =B2*0.7+0.3*B3 -> 12.4
A6: canopy cover | B6: 0.04
A9: tree density | B9: =10000*(-1)*LOG(1-B6,2.7814)/B5 -> 32.182239

Sheet Soil_references
A2: Ferralsol 48 | B2: https://museum.isric.org/monoliths/reference-soil-kenya-48
A3: Ferralsol 11 - sandy ferralsol | C3: https://museum.isric.org/monoliths/reference-soil-kenya-11
A4: sandy ferralso | C4: https://museum.isric.org/monoliths/reference-soil-kenya-29
A5: very clayey Ferralsol | C5: https://museum.isric.org/monoliths/reference-soil-kenya-07 | I5: lists BD
A6: clayey Ferralsol | C6: https://museum.isric.org/monoliths/reference-soil-kenya-09
A7: moderately clayey Ferralsol | C7: https://museum.isric.org/monoliths/reference-soil-kenya-06 | I7: lists BD
A8: extremely clayey ferralsol | C8: https://museum.isric.org/monoliths/reference-soil-kenya-40

Sheet Wild_herbivores
A1: Species | B1: Type | C1: TLU Equivalent | D1: 44835 | E1: 45078 | F1: 45200 | G1: 45323 | H1: 45474 | I1: 45566 | O1: 44835 | P1: 45078 | Q1: 45200 | R1: 45323 | S1: 45474 | T1: 45566
A2: Buffalo | B2: Herbivore | C2: 1.8 | N2: Total number | O2: 2584 | P2: 752 | Q2: 778 | R2: 890 | S2: 429 | T2: =I18 -> 475
A3: Bush Duiker | B3: Herbivore | C3: 0.06 | F3: 1 | G3: 2 | N3: No species counted | O3: 14 | P3: 13 | Q3: 14 | R3: 14 | S3: 8 | T3: =I20 -> 7
A4: Bushbuck | B4: Herbivore | C4: 0.18 | D4: 1 | E4: 2
A5: Coke's Hartebeest | B5: Herbivore | C5: 0.5 | D5: 215
A6: Dik-Dik | B6: Herbivore | C6: 0.02 | D6: 3 | E6: 3 | F6: 4 | G6: 3
A7: Eland | B7: Herbivore | C7: 1.36 | D7: 35 | E7: 78 | F7: 36 | G7: 84 | H7: 62 | I7: 70
A8: Gerenuk | B8: Herbivore | C8: 0.16 | D8: 7 | E8: 5 | F8: 9 | G8: 1
A9: Grant's Gazelle | B9: Herbivore | C9: 0.16 | D9: 19 | E9: 39 | F9: 119 | G9: 33 | H9: 68 | I9: 43
A10: Impala | B10: Herbivore | C10: 0.172 | D10: 79 | E10: 91 | F10: 106 | G10: 107 | H10: 26 | I10: 109
A11: Lesser Kudu | B11: Herbivore | C11: 0.28 | D11: 9 | E11: 3 | F11: 16 | G11: 2 | H11: 1 | I11: 1
A12: Masai Giraffe | B12: Herbivore | C12: 3 | D12: 66 | E12: 60 | F12: 41 | G12: 122 | H12: 81 | I12: 45
A13: Reedbuck | B13: Herbivore | C13: 0.18 | G13: 1
A14: Steinbok | B14: Herbivore | C14: 0.044
A15: Thomson's Gazelle | B15: Herbivore | C15: 0.072 | D15: 176 | E15: 185 | F15: 174 | G15: 189 | H15: 73 | I15: 87
A16: Wildebeest | B16: Herbivore | C16: 0.56 | D16: 1273
A17: Zebra | B17: Herbivore | C17: 0.8 | D17: 657 | E17: 250 | F17: 217 | G17: 308 | H17: 95 | I17: 120
A18: TOTAL | D18: =SUM(D2:D9,D10:D13,D14:D15,D16:D17) -> 2540 | E18: =SUM(E2:E17) -> 716 | F18: =SUM(F2:F17) -> 723 | G18: =SUM(G2:G17) -> 852 | H18: =SUM(H2:H17) -> 406 | I18: =SUM(I2:I17) -> 475
A19: Total.TLU | D19: =SUMPRODUCT(D2:D17,$C$2:$C$17) -> 1624.76 | E19: =SUMPRODUCT(E2:E17,$C$2:$C$17) -> 523.352 | F19: =SUMPRODUCT(F2:F17,$C$2:$C$17) -> 401.42 | G19: =SUMPRODUCT(G2:G17,$C$2:$C$17) -> 765.012 | H19: =SUMPRODUCT(H2:H17,$C$2:$C$17) -> 424.208 | I19: =SUMPRODUCT(I2:I17,$C$2:$C$17) -> 358.372
A20: Total species counted | D20: =COUNT(D2:D17) -> 12 | E20: =COUNT(E2:E17) -> 10 | F20: =COUNT(F2:F17) -> 10 | G20: =COUNT(G2:G17) -> 11 | H20: =COUNT(H2:H17) -> 7 | I20: =COUNT(I2:I17) -> 7
D22: =D19/13300 -> 0.12216241 | E22: =E19/13300 -> 0.039349774 | F22: =F19/13300 -> 0.030181955 | G22: =G19/13300 -> 0.057519699 | H22: =H19/13300 -> 0.031895338 | I22: =I19/13300 -> 0.026945263
A24: markup | D24: 1.7 | E24: =D24 -> 1.7 | F24: =E24 -> 1.7 | G24: =F24 -> 1.7 | H24: =G24 -> 1.7 | I24: =H24 -> 1.7
D26: =D22*D24 -> 0.20767609 | E26: =E22*E24 -> 0.066894617 | F26: =F22*F24 -> 0.051309323 | G26: =G22*G24 -> 0.097783489 | H26: =H22*H24 -> 0.054222075 | I26: =I22*I24 -> 0.045806947 | N26: Mean | O26: =AVERAGE(D26:I26) -> 0.08728209

Sheet Graze_density_all
B1: Herbivores | C1: Cattle -- ambient | D1: Cattle - boma predicted | E1: Total AU
A2: 2019 | B2: =AVERAGE($B$5:$B$7) -> 0.11411411 | C2: 0.5 | D2: 0 | E2: =SUM(B2:D2) -> 0.61411411
A3: 2020 | B3: =AVERAGE($B$5:$B$7) -> 0.11411411 | C3: 0.5 | D3: 0 | E3: =SUM(B3:D3) -> 0.61411411
A4: 2021 | B4: =AVERAGE($B$5:$B$7) -> 0.11411411 | C4: 0.5 | D4: 0 | E4: =SUM(B4:D4) -> 0.61411411
A5: 2022 | B5: =Wild_herbivores!D26 -> 0.20767609 | C5: 0.5 | D5: 5 | E5: =SUM(B5:D5) -> 5.7076761
A6: 2023 | B6: =AVERAGE(Wild_herbivores!E26,Wild_herbivores!E26) -> 0.066894617 | C6: 0.5 | D6: 0 | E6: =SUM(B6:D6) -> 0.56689462
A7: 2024 | B7: =AVERAGE(Wild_herbivores!F26,Wild_herbivores!G26,Wild_herbivores!H26) -> 0.067771629 | C7: 0.5 | D7: 0 | E7: =SUM(B7:D7) -> 0.56777163
A8: 2025 | B8: =AVERAGE(B5:B7) -> 0.11411411 | C8: 0.5 | D8: 0 | E8: =SUM(B8:D8) -> 0.61411411

Sheet Calibratin parameters
E1: notes
B2: BY_PASSF | C2: 1
B3: FRUNOFF | C3: 0.05
B4: FPERCOL | C4: 0.1
B7: Parameters to calibrate
A12: Water use | B12: WUE
B13: GSMAX | E13: key determinant
A15: Photosynthesis | B15: SLA
B16: MFOLOP
A18: Phenology | B18: ND Flush
B19: ND Morta

Sheet Species_parameters
A1: No | B1: Variable | C1: Unit | E1: ANGA.JABER | F1: PERG.DEFAULT | G1: CEBI.default | I1: PERG.HYBRID.BG | L1: THEMEDA TRIANDRA
A2: 1 | B2: C4_TYPE | E2: true | I2: =F2 -> 0
A3: 2 | I3: =F3 -> 0
A4: 3 | I4: =F4 -> 0
A5: 4 | B5: FREEGROWTH | E5: true | I5: =F5 -> 0
A6: 5 | B6: RATOON | E6: false | I6: =F6 -> 0
A7: 6 | I7: =F7 -> 0
A8: 7 | B8: SAVANNA | E8: true | I8: =F8 -> 0
A9: 8 | B9: TUBER | E9: false | I9: =F9 -> 0
B11: CO2 dynamics
B13: AEJM | E13: 77900 | F13: 60650
B14: AEKC | E14: 64200 | F14: 80990
B19: KM20 | D19: aintenance coefficient at reference temperature | I19: 0.8
B20: KO25 | D20: Michaelis-Menten constant for O2 at 25oC (mmol mol-1 mbar-1). | I20: 179
B22: Lignin value | I22: 0.07
B24: MFOLOPT | I24: 0.5
B26: BIOMASS
B27: QRF | D27: Ratio between fine root- and foliage biomass under standard conditions | I27: 2.25
B28: QJVC | I28: 2
B29: PSNTOPT | I29: 25
I31: =F31 -> 0
B32: Water Balance | I32: =F33 -> 375
B33: GSMAX | D33: Maximum rate of water vapor and CO2 exchange through stomata | E33: 230 | F33: 375 | G33: 230 | I33: 600
B34: GSMIN | D34: Minimum rate of water vapor and CO2 exchange through stoma | E34: 230 | F34: 2.66 | G34: 10.4 | I34: 300
I35: =F35 -> 0
I36: =F36 -> 0
B37: SLOPE_GSA | E37: 4 | F37: 10.4 | I37: =F37 -> 10.4
I38: =F38 -> 0
B39: MWFM | E39: =0.35/1000 -> 0.00035 | F39: =0.0005 -> 0.0005 | I39: =F39 -> 0.0005
I40: =F40 -> 0
B41: SLAMAX | D41: Specific leaf area in the shade (m2 kg-1). | E41: 10.6 | F41: 13.8 | I41: =F41 -> 13.8 | L41: 12
B42: SLAMIN | D42: Specific leaf area under full light (m2 kg-1). | E42: 10.6 | F42: 13.8 | I42: =F42 -> 13.8 | L42: 7
I43: =F43 -> 0
B44: WUECMAX | C44: mg CO2/g h2o | D44: Maximum instantaneous water use efficiency | E44: 9 | F44: 5.3 | I44: 5
B45: WUECMIN | E45: 9 | F45: 5.3 | I45: 4
I46: =F46 -> 0
I47: =F47 -> 0
I48: =F48 -> 0
I49: =F49 -> 0
B50: DLEAFSHED | E50: 320 | F50: 300 | I50: =F50 -> 300
B51: GDD_BASE_TEMPERATURE | F51: 0 | I51: 5
B52: GDD_EMERGENCE | E52: 3300 | F52: 100 | I52: =F52 -> 100
B53: GDD_MATURITY | F53: 2500 | I53: 1500
B54: GDD_ROOTS_GROWN | F54: 250 | I54: 100
B57: H2OREF_FLUSHING | E57: 0.4 | F57: 0 | I57: =F57 -> 0
B58: H2OREF_SENESCENCE | D58: Relative available soil water content below which restricted water availability triggers plant senescence. | E58: 0.1 | F58: 0 | I58: 0.65
B59: H20REF_GS | E59: 0.4 | F59: 0.33 | I59: =F59 -> 0.33
B60: MFOLOPT | E60: 0.1 | F60: 0.11 | I60: =F60 -> 0.11
B61: NDFLUSH | D61: Time interval necessary to complete growth of new foliage | E61: 80 | F61: 60 | I61: =F61 -> 60
B62: NDMORTA | E62: 120 | F62: 150 | I62: 55
J79: According to Muthoka et al. (2024) the Kapiti EC tower roughly corresponds with location K1L2C with species as listed below
J80: Becium obovatum(F), Bothriochloa insculpta(P), Craterostigma pumilum(F), Digitaria macroblephara(P), Digitaria scalarum(P), Harpachne schimperi(P), Heteropogon(P), Hyparrhenia lintonii(P), Mariscus macropus(P), Microchloa kunthii(P), Pennisetum mezianum(P), Sporobolus discosporus(P), Tephrosia pumila(F), Themeda triandra(P)
J82: https://pdf.sciencedirectassets.com/272241/1-s2.0-S1470160X22X0006X/1-s2.0-S1470160X22006951/main.pdf?X-Amz-Security-Token=IQoJb3JpZ2luX2VjEGgaCXVzLWVhc3QtMSJIMEYCIQDTSHmePwdi%2BINz82GrVt2tU8o6qs8Cb1ZVbl1Zl5ETPAIhAKaR2ycahfQshkX1fp1yUClNMlS%2BlAk1G0ZmECi9ekcfKrIFCEEQBRoMMDU5MDAzNTQ2ODY1IgyrMYYqMLadBsdIsYgqjwUHdYCfG5mRCEQ%2BahYgI5BLcg9gbIrEkBG%2FXat3lhhMxWnBsJJyu0S21EEfowcDICL7u%2B%2BRLcMiWFpb0ONlAeBcoHmhH6yBHct1MXghh1OVLRQct9z0P8DqGdGk7UseGUZIzGzJnCJVy5ZOv%2Fcxwi%2F%2FcBB95H%2FsGBeNuF9ryY6M8Cnrb5uyH%2FZ1mbQeYoWRvvMs2RnoVi53lVHvWoW1JOamNkd6QYriOEpGeQ91u4V5ufpbA%2B0OwtSY1jIDIz0R3ZJspZ%2BtE2wV99tC7eQc71LBwMqIiPup6Ff%2BkbtJjH4esn8WnKzyC2OTeSpGdM%2BMbhRslKD3Lu0Mku%2FeiS2q18UTSsB%2BNzIpG5NZBn3RZLBlhUn9ONO4sEFO28fUcue10CVoHzes4ilcrtQIuFAg7BvbDjWkU0eXc6H3wiHEO5OlrTKA4r0Lzn%2F1itm52S%2F1wSAMZW9IDqdzXqsEE5umtHMV5Jh%2FEAK1SoeuLzSlcL9jBR6PqPbO7wkW1sAkcAQWDDhtOvRciHyW%2BnKM3aD4tJvBmWAQY6p%2BmlkVN3dvWsDpq2YNNv2CgSlJXLKpeCdhVmCWpd9%2FdiyAn25rqYUXOFVLRwZy3yDqL1zsRZNzFWanX7tWizfffo0EOXwqTPGfk%2FPq6ssYkW%2FSNFFuAkDhbH%2BXGspfS5q10%2BV8J51QS8pePtQRskEgZt6F24%2FZegGPY42CiW0FZ0XCtaID3szJ4uHUooUmANUHGnwUYnEeFrWAJzuOyuHJCNk5JE8ULeobf2a%2BYEHvpcPh1VGI2lehTdSmctgTU4Ia3uTPHu5P82nwWqaTCvoHL71OrIbMbVrlLAm9QHXa6ZNhTEWx1OM61pbYDJFEHeByG4mXgFsCq6mhMMWZhcIGOrABCqyUORYJcZBLe%2BbEBsmsNmdXE%2B4qOqKBpxX7KZuJdo5jQGN22DmfYI1uMfXK5%2BEITAtD6nI7MCX0MXwf46jUzdMSoQKry%2BWUl0pl03MBiBbSicXnIV3gRC1biCCMcdUwEz6PAmCkCQwyzc6GCUFOn5%2B91lz%2B2Y3aMyuPmqReLgeRjoUUorTiBSi36KuP6gzUstkCyau4hKC%2FG4o8Slp1vystabeluUg9lI8GH7xuhv8%3D&X-Amz-Algorithm=AWS4-HMAC-SHA256&X-Amz-Date=20250605T082519Z&X-Amz-SignedHeaders=host&X-Amz-Expires=300&X-Amz-Credential=ASIAQ3PHCVTY7JJ6OU3E%2F20250605%2Fus-east-1%2Fs3%2Faws4_request&X-Amz-Signature=065e8ad16e112fcab58bd475c76b3de526f2daed629700904c4aa98cde9c08b3&hash=7723282a1cd784a7a9b81213c113a3c7a6506fa6c0af8b2af8dd685f300c7b20&host=68042c943591013ac2b2430a89b270f6af2c76d8dfd086a07176afe7c76c2c61&pii=S1470160X22006951&tid=spdf-0ceb7ae1-1b95-426c-acd9-b9a2d50f57d8&sid=d80f27343b89504ad49a60204de783eb38e5gxrqa&type=client&tsoh=d3d3LnNjaWVuY2VkaXJlY3QuY29t&rh=d3d3LnNjaWVuY2VkaXJlY3QuY29t&ua=110359500006535556065e&rr=94ae475a9b88d23c&cc=ke
J87: Becium obovatum | L87: c3 perennial
J88: Bothriochloa insculpta | L88: c4 perennial | R88: Other LDNDC grasses to include
J89: Craterostigma pumilum | L89: c3 perennial
J90: Digitaria macroblephara | L90: c4 perennial | R90: CEBi
J91: Digitaria scalarum | L91: c4 grass | R91: ANGA
J92: Harpachne schimperi | L92: c4 perennial | N92: medium to high quality | O92: drought resistant | R92: PECL
J93: Heteropogon | L93: c4 perennial and annual | R93: HERB
J94: Hyparrhenia lintonii | L94: c4 perennial | N94: low-medium | O94: drought resistant
J95: Mariscus macropus | L95: c4 perennial | N95: moderate quality | O95: not drought resistant
J96: Microchloa kunthii | L96: c4 perennial | N96: low quality | O96: drought resistant
J97: Pennisetum mezianum | L97: c4 perennial | N97: medium quality | O97: drought resistant
J98: Sporobolus discosporus | L98: C4 grass
J99: Tephrosia pumila | L99: annual or shorlived perennial herb
J100: Themeda triandra | L100: C4 grass

Sheet Site params
H1: GEMINI link | I1: source
B2: van genuchten parameter | D2: unitless | E2: =_xlfn.CONCAT("When parameterizing the biogeochemical model Landscape DNDC, what value does the ",B2," parameter take for savannah grasslands periodically grazed by livestock in vertisol soils of the Athi-Kapiti ecosystem in East Africa? The parameter is defined as the ",C2," taking units of ",D2,"") -> When parameterizing the biogeochemical model Landscape DNDC, what value does the van genuchten parameter parameter take for savannah grasslands periodically grazed by livestock in vertisol soils of the Athi-Kapiti ecosystem in East Africa? The parameter is defined as the taking units of unitless | G2: 1.1 | H2: https://gemini.google.com/app/197f6721c634301d | I2: Lipiec, J., Usowicz, B., & Siczek, A. (2024). Fitting the van Genuchten model to the measured hydraulic parameters in soils of different genesis and texture at the regional scale. International Agrophysics, 38, 373–382. https://doi.org/10.31545/intagr/191380
B3: van genuchten parameter alpha | D3: 1/m | E3: =_xlfn.CONCAT("When parameterizing the biogeochemical model Landscape DNDC, what value does the ",B3," parameter take for savannah grasslands periodically grazed by livestock in vertisol soils of the Athi-Kapiti ecosystem in East Africa? The parameter is defined as the ",C3," taking units of ",D3,"") -> When parameterizing the biogeochemical model Landscape DNDC, what value does the van genuchten parameter alpha parameter take for savannah grasslands periodically grazed by livestock in vertisol soils of the Athi-Kapiti ecosystem in East Africa? The parameter is defined as the taking units of 1/m | G3: 1.2 | H3: https://gemini.google.com/app/5fc2606a93a9412d
B4: FRUNOFF | C4: Fraction of daily runoff from surface water | D4: meters per day | E4: =_xlfn.CONCAT("When parameterizing the biogeochemical model Landscape DNDC, what value does the ",B4," parameter take for savannah grasslands periodically grazed by livestock in vertisol soils of the Athi-Kapiti ecosystem in East Africa? The parameter is defined as the ",C4," taking units of ",D4,"") -> When parameterizing the biogeochemical model Landscape DNDC, what value does the FRUNOFF parameter take for savannah grasslands periodically grazed by livestock in vertisol soils of the Athi-Kapiti ecosystem in East Africa? The parameter is defined as the Fraction of daily runoff from surface water taking units of meters per day | G4: 0.6 | H4: https://gemini.google.com/app/0c598a444ed2a5ad
B5: FPERCOL | C5: Fraction of surface water that goes into runof | D5: liters water per day | E5: =_xlfn.CONCAT("When parameterizing the biogeochemical model Landscape DNDC, what value does the ",B5," parameter take for savannah grasslands periodically grazed by livestock in vertisol soils of the Athi-Kapiti ecosystem in East Africa? The parameter is defined as the ",C5," taking units of ",D5,"") -> When parameterizing the biogeochemical model Landscape DNDC, what value does the FPERCOL parameter take for savannah grasslands periodically grazed by livestock in vertisol soils of the Athi-Kapiti ecosystem in East Africa? The parameter is defined as the Fraction of surface water that goes into runof taking units of liters water per day | G5: 0.15 | H5: https://gemini.google.com/app/c2a92930c2a26de6
B6: CRACK_DEPTH | C6: maximum depth of cracks | D6: meters | E6: =_xlfn.CONCAT("When parameterizing the biogeochemical model Landscape DNDC, what value does the ",B6," parameter take for savannah grasslands periodically grazed by livestock in vertisol soils of the Athi-Kapiti ecosystem in East Africa? The parameter is defined as the ",C6," taking units of ",D6,"") -> When parameterizing the biogeochemical model Landscape DNDC, what value does the CRACK_DEPTH parameter take for savannah grasslands periodically grazed by livestock in vertisol soils of the Athi-Kapiti ecosystem in East Africa? The parameter is defined as the maximum depth of cracks taking units of meters | G6: 0.5 | H6: https://gemini.google.com/app/12b54f3d42cde5c1
B7: CRACK_FRACTION | C7: Fraction of water that infiltrates via cracks | D7: fraction | E7: =_xlfn.CONCAT("When parameterizing the biogeochemical model Landscape DNDC, what value does the ",B7," parameter take for savannah grasslands periodically grazed by livestock in vertisol soils of the Athi-Kapiti ecosystem in East Africa? The parameter is defined as the ",C7," taking units of ",D7,"") -> When parameterizing the biogeochemical model Landscape DNDC, what value does the CRACK_FRACTION parameter take for savannah grasslands periodically grazed by livestock in vertisol soils of the Athi-Kapiti ecosystem in East Africa? The parameter is defined as the Fraction of water that infiltrates via cracks taking units of fraction | G7: 0.5 | H7: https://gemini.google.com/app/39735c7d4984dd0f
H13: =_xlfn.CONCAT("When parameterizing the biogeochemical model Landscape DNDC, what value does the ",C13," parameter take for savannah grasslands periodically grazed by livestock in vertisol soils of the Athi-Kapiti ecosystem in East Africa? The parameter is defined as the ",D13," taking units of ",E13,"") -> When parameterizing the biogeochemical model Landscape DNDC, what value does the parameter take for savannah grasslands periodically grazed by livestock in vertisol soils of the Athi-Kapiti ecosystem in East Africa? The parameter is defined as the taking units of

Sheet Lresources_WAVG
I1: wagv
B2: species.PERG.mnemonic = "PERG" | D2: species.COWP.mnemonic = "COWP" | F2: species.SORG.mnemonic = "SORG"
B3: species.PERG.group = "grass" | D3: species.COWP.group = "crop" | F3: species.SORG.group = "crop"
B4: species.PERG.parent = ":C3:" | D4: species.COWP.parent = ":LEGUME:" | F4: species.SORG.parent = ":MILLETS:"
B5: species.PERG.parameter.C4_TYPE.value = "false" | D5: species.COWP.parameter.C4_TYPE.value = "false" | F5: species.SORG.parameter.C4_TYPE.value = "true" | H5: 0.75
B6: species.PERG.parameter.CONIFEROUS.value = "false" | D6: species.COWP.parameter.CONIFEROUS.value = "false" | F6: species.SORG.parameter.CONIFEROUS.value = "false" | H6: 0.2
B7: species.PERG.parameter.DECIDUOUS.value = "true" | D7: species.COWP.parameter.DECIDUOUS.value = "true" | F7: species.SORG.parameter.DECIDUOUS.value = "true" | H7: 0.05
B8: species.PERG.parameter.FREEGROWTH.value = "true" | D8: species.COWP.parameter.FREEGROWTH.value = "true" | F8: species.SORG.parameter.FREEGROWTH.value = "true"
B9: species.PERG.parameter.RATOON.value = "false" | D9: species.COWP.parameter.RATOON.value = "false" | F9: species.SORG.parameter.RATOON.value = "false"
B10: species.PERG.parameter.ROOTS_ENVIRONMENTAL.value = "false" | D10: species.COWP.parameter.ROOTS_ENVIRONMENTAL.value = "false" | F10: species.SORG.parameter.ROOTS_ENVIRONMENTAL.value = "false"
B11: species.PERG.parameter.SAVANNA.value = "false" | D11: species.COWP.parameter.SAVANNA.value = "false" | F11: species.SORG.parameter.SAVANNA.value = "false"
B12: species.PERG.parameter.TUBER.value = "true" | D12: species.COWP.parameter.TUBER.value = "false" | F12: species.SORG.parameter.TUBER.value = "false"
A13: AEIS | B13: species.PERG.parameter.AEIS.value = "0" | D13: species.COWP.parameter.AEIS.value = "0" | E13: 0 | F13: species.SORG.parameter.AEIS.value = "0" | G13: 0 | I13: =C13*$H$5+E13*$H$6+G13*$H$7 -> 0
A14: AEJM | B14: species.PERG.parameter.AEJM.value = "60650" | C14: 40000 | D14: species.COWP.parameter.AEJM.value = "45000" | E14: 45000 | F14: species.SORG.parameter.AEJM.value = "77900" | G14: 77900 | I14: =C14*$H$5+E14*$H$6+G14*$H$7 -> 42895
A15: AEKC | B15: species.PERG.parameter.AEKC.value = "80990" | C15: 36300 | D15: species.COWP.parameter.AEKC.value = "59356" | E15: 59356 | F15: species.SORG.parameter.AEKC.value = "59356" | G15: 59356 | I15: =C15*$H$5+E15*$H$6+G15*$H$7 -> 42064
A16: AEKO | B16: species.PERG.parameter.AEKO.value = "23720" | C16: 70000 | D16: species.COWP.parameter.AEKO.value = "35948" | E16: 35948 | F16: species.SORG.parameter.AEKO.value = "36000" | G16: 36000 | I16: =C16*$H$5+E16*$H$6+G16*$H$7 -> 61489.6
A17: AERD | B17: species.PERG.parameter.AERD.value = "46390" | C17: 60000 | D17: species.COWP.parameter.AERD.value = "66405" | E17: 66405 | F17: species.SORG.parameter.AERD.value = "50967" | G17: 50967 | I17: =C17*$H$5+E17*$H$6+G17*$H$7 -> 60829.35
A18: AEVC | B18: species.PERG.parameter.AEVC.value = "65330" | C18: 65330 | D18: species.COWP.parameter.AEVC.value = "58520" | E18: 58520 | F18: species.SORG.parameter.AEVC.value = "36000" | G18: 36000 | I18: =C18*$H$5+E18*$H$6+G18*$H$7 -> 62501.5
A19: AEVO | B19: species.PERG.parameter.AEVO.value = "37530" | C19: 37530 | D19: species.COWP.parameter.AEVO.value = "37530" | E19: 37530 | F19: species.SORG.parameter.AEVO.value = "55300" | G19: 55300 | I19: =C19*$H$5+E19*$H$6+G19*$H$7 -> 38418.5
A20: ALB | B20: species.PERG.parameter.ALB.value = "0.12" | C20: 0.12 | D20: species.COWP.parameter.ALB.value = "0.19" | E20: 0.19 | F20: species.SORG.parameter.ALB.value = "0.19" | G20: 0.19 | I20: =C20*$H$5+E20*$H$6+G20*$H$7 -> 0.1375
A21: A | B21: species.PERG.parameter.ALPHA0_IS.value = "0" | C21: 0 | D21: species.COWP.parameter.ALPHA0_IS.value = "0" | E21: 0 | F21: species.SORG.parameter.ALPHA0_IS.value = "0" | G21: 0 | I21: =C21*$H$5+E21*$H$6+G21*$H$7 -> 0
A22: ALPHA0_MT | B22: species.PERG.parameter.ALPHA0_MT.value = "0" | C22: 0 | D22: species.COWP.parameter.ALPHA0_MT.value = "0" | E22: 0 | F22: species.SORG.parameter.ALPHA0_MT.value = "0" | G22: 0 | I22: =C22*$H$5+E22*$H$6+G22*$H$7 -> 0
A23: AMAXA | B23: species.PERG.parameter.AMAXA.value = "5.3" | C23: 5.3 | D23: species.COWP.parameter.AMAXA.value = "5.3" | E23: 5.3 | F23: species.SORG.parameter.AMAXA.value = "5.3" | G23: 5.3 | I23: =C23*$H$5+E23*$H$6+G23*$H$7 -> 5.3
A24: value = "21 | B24: species.PERG.parameter.AMAXB.value = "21.5" | C24: 21.5 | D24: species.COWP.parameter.AMAXB.value = "21.5" | E24: 21.5 | F24: species.SORG.parameter.AMAXB.value = "21.5" | G24: 21.5 | I24: =C24*$H$5+E24*$H$6+G24*$H$7 -> 21.5
A25: value = "0 | B25: species.PERG.parameter.AMAXFRAC.value = "0.76" | C25: 0.76 | D25: species.COWP.parameter.AMAXFRAC.value = "0.76" | E25: 0.76 | F25: species.SORG.parameter.AMAXFRAC.value = "0.76" | G25: 0.76 | I25: =C25*$H$5+E25*$H$6+G25*$H$7 -> 0.76
... A247: NDMORTA | B247: species.PERG.parameter.NDMORTA.value = "150" | C247: 35 | D247: species.COWP.parameter.NDMORTA.value = "40" | E247: 40 | F247: species.SORG.parameter.NDMORTA.value = "40" | G247: 40 | I247: =C247*$H$5+E247*$H$6+G247*$H$7 -> 36.25

Sheet Params_specs_ALL
B1: Lresources entry no | C1: Category | D1: Description | E1: unit, words | F1: unit, technical | G1: GRASS SPECIES | H1: Cenchrus ciliaris | I1: Point_estimate | J1: Min | K1: Max | L1: Midpoint | M1: Species | N1: Common name | O1: Search text | P1: citation | Q1: Google gemini link | S1: Species 2 - common name | T1: Species 2 - scientific name | U1: Range_min | V1: Range_max | W1: Estimated middle | X1: Search text | Y1: citation | Z1: Google gemini link | AA1: Species 3 - common name | AB1: Species 2 - scientific name | AC1: =U1 -> Range_min | AD1: =V1 -> Range_max | AE1: =W1 -> Estimated middle | AF1: =X1 -> Search text | AG1: =Y1 -> citation | AH1: =Z1 -> Google gemini link | AJ1: GRASS.HYBRID.1 | AK1: GRASS.HYBRID.2 | AL1: GRASS.HYBRID.3 | AM1: GRASS.HYBRID.4 | AN1: hybrid.include | AO1: Weights | AP1: hybrid.1 | AQ1: hybrid.2 | AR1: hybrid.3 | AS1: hybrid.4 | AT1: hybrid.1 | AU1: Woody species | AV1: =S1 -> Species 2 - common name | AW1: Family | AX1: Tribe | AY1: =T1 -> Species 2 - scientific name | AZ1: =U1 -> Range_min | BA1: =V1 -> Range_max | BB1: Middle | BC1: =X1 -> Search text | BD1: =Y1 -> citation | BE1: =Z1 -> Google gemini link | BF1: =AA1 -> Species 3 - common name | BG1: Forbs | BH1: Species 1 - common name | BI1: examples | BJ1: =AY1 -> Species 2 - scientific name | BK1: =AZ1 -> Range_min | BL1: =BA1 -> Range_max | BM1: =#REF! -> #REF! | BN1: =BC1 -> Search text | BO1: =BD1 -> citation | BP1: =BE1 -> Google gemini link | BR1: Species 2 - common name | BS1: examples | BT1: =BI1 -> examples | BU1: =BJ1 -> Species 2 - scientific name | BV1: =BK1 -> Range_min | BW1: =BL1 -> Range_max | BX1: =BM1 -> #REF! | BY1: =BN1 -> Search text | BZ1: =BO1 -> citation | CA1: Gemini link | CC1: FORB.HYBRID.1 | CD1: FORB.HYBRID.2 | CE1: FORB.HYBRID.3 | CF1: FORB.HYBRID.4 | CG1: weights | CH1: 1 | CI1: 2 | CJ1: 3 | CK1: 4
A2: KO25 | C2: Gas exchange | D2: Michaelis–Menten constant for O2 at 25◦C | E2: micromols per mol per mbar | F2: µmol mol^−1 mbar^-1 | J2: 400 | K2: 550 | L2: =J2+(K2-J2)*0.5 -> 475 | M2: Cenchrus grass species | N2: Cenchrus ciliaris, Cenchrus purpureus, Cenchrus setiger, Cenchrus setaceus, Cenchrus biflorus, Cenchrus Mezianus | O2: =_xlfn.CONCAT("studies which report the ",D2," as ",E2," (",F2,") , and the values reported therein, of ",M2, " (",N2, ") under semi-arid environments. Provide the links to the scientific article") -> studies which report the Michaelis–Menten constant for O2 at 25◦C as micromols per mol per mbar ( µmol mol^−1 mbar^-1) , and the values reported therein, of Cenchrus grass species (Cenchrus ciliaris, Cenchrus purpureus, Cenchrus setiger, Cenchrus setaceus, Cenchrus biflorus, Cenchrus Mezianus ) under semi-arid environments. Provide the links to the scientific article | Q2: https://gemini.google.com/app/c7066ed2c53b6e7c | S2: red oat grass | T2: Themeda triandra | W2: 450 | X2: =_xlfn.CONCAT("studies which report the ",D2," as ",E2," (",F2,") , and the values reported therein, of ",S2, " (",T2, ") under semi-arid environments. Provide the links to the scientific article") -> studies which report the Michaelis–Menten constant for O2 at 25◦C as micromols per mol per mbar ( µmol mol^−1 mbar^-1) , and the values reported therein, of red oat grass (Themeda triandra) under semi-arid environments. Provide the links to the scientific article | Y2: von Caemmerer, S. (2000). Biochemical Models of Leaf Photosynthesis. CSIRO Publishing. | Z2: https://gemini.google.com/app/ec0e8322c79c3a7d | AA2: bermuda grass | AB2: cynodon dactylon | AD2: 450 | AE2: 450 | AF2: =_xlfn.CONCAT("studies which report the ",D2," as ",E2," (",F2,") , and the values reported therein, of ",AA2, " (",AB2, ") under semi-arid environments. Provide the links to the scientific article") -> studies which report the Michaelis–Menten constant for O2 at 25◦C as micromols per mol per mbar ( µmol mol^−1 mbar^-1) , and the values reported therein, of bermuda grass (cynodon dactylon) under semi-arid environments. Provide the links to the scientific article | AH2: https://gemini.google.com/app/0ef4ec208864b341 | AI2: =$L2*AO$2+$W2*AO$3 -> 345 | AJ2: =$L2*AO$2+$W2*AO$3+$AE2*AO$4 -> 457.5 | AK2: =$L2*AP$2+$W2*AP$3+$AE2*AP$4 -> 460 | AL2: =$L2*AQ$2+$W2*AQ$3+$AE2*AQ$4 -> 460 | AM2: =$L2*AR$2+$W2*AR$3+$AE2*AR$4 -> 457.5 | AN2: Buffel grass | AO2: 0.3 | AP2: 0.4 | AQ2: 0.4 | AR2: 0.3 | AU2: Whistling thorn | AV2: Vachellia drepanolobium | AW2: Mimosoideae | AX2: Acacieae | BC2: =_xlfn.CONCAT("studies which report the ",D2," as ",E2," (",F2,") , and the values reported therein, of ",ABX2, " (",AV2, ") under semi-arid environments. Provide the links to the scientific article") -> studies which report the Michaelis–Menten constant for O2 at 25◦C as micromols per mol per mbar ( µmol mol^−1 mbar^-1) , and the values reported therein, of (Vachellia drepanolobium) under semi-arid environments. Provide the links to the scientific article | BG2: indigofera | BH2: Indigofera voharamensis, indigofera volkensii | BM2: =_xlfn.CONCAT("studies which report the ",D2," as ",E2," (",F2,") , and the values reported therein of ",BG2," genus vegetation (e.g. ",BH2," ). Provide the links to the scientific article") -> studies which report the Michaelis–Menten constant for O2 at 25◦C as micromols per mol per mbar ( µmol mol^−1 mbar^-1) , and the values reported therein of indigofera genus vegetation (e.g. Indigofera voharamensis, indigofera volkensii ). Provide the links to the scientific article | BQ2: tephrosia | BR2: tephrosia elata | BW2: 0.5 | BX2: =_xlfn.CONCAT("studies which report the ",D2," as ",E2," (",F2,") , and the values reported therein of ",BQ2," genus vegetation (e.g. ",BR2," ). Provide the links to the scientific article") -> studies which report the Michaelis–Menten constant for O2 at 25◦C as micromols per mol per mbar ( µmol mol^−1 mbar^-1) , and the values reported therein of tephrosia genus vegetation (e.g. tephrosia elata ). Provide the links to the scientific article | CB2: =$BL2*CG$2+$BW2*CG$3 -> 0.3 | CC2: =$BL2*CH$2+$BW2*CH$3 -> 0.25 | CD2: =$BL2*CI$2+$BW2*CI$3 -> 0.2 | CE2: =$BL2*CJ$2+$BW2*CJ$3 -> 0.15 | CF2: indigofera | CG2: 0.4 | CH2: 0.5 | CI2: 0.6 | CJ2: 0.7
A3: KM20 | C3: Gas exchange | D3: Maintenance coefficient at reference temperature | E3: a fraction | J3: 0.01 | K3: 0.035 | L3: =J3+(K3-J3)*0.5 -> 0.0225 | M3: =M2 -> Cenchrus grass species | N3: =N2 -> Cenchrus ciliaris, Cenchrus purpureus, Cenchrus setiger, Cenchrus setaceus, Cenchrus biflorus, Cenchrus Mezianus | O3: =_xlfn.CONCAT("studies which report the ",D3," as ",E3," (",F3,") , and the values reported therein, of ",M3, " (",N3, ") under semi-arid environments. Provide the links to the scientific article") -> studies which report the Maintenance coefficient at reference temperature as a fraction () , and the values reported therein, of Cenchrus grass species (Cenchrus ciliaris, Cenchrus purpureus, Cenchrus setiger, Cenchrus setaceus, Cenchrus biflorus, Cenchrus Mezianus ) under semi-arid environments. Provide the links to the scientific article | Q3: https://gemini.google.com/app/c7066ed2c53b6e7c | S3: red oat grass | T3: Themeda triandra | U3: 0.01 | V3: 0.02 | W3: =(V3-U3)/2+U3 -> 0.015 | X3: =_xlfn.CONCAT("studies which report the ",D3," as ",E3," (",F3,") , and the values reported therein, of ",S3, " (",T3, ") under semi-arid environments. Provide the links to the scientific article") -> studies which report the Maintenance coefficient at reference temperature as a fraction () , and the values reported therein, of red oat grass (Themeda triandra) under semi-arid environments. Provide the links to the scientific article | Y3: Differences in drought sensitivities and photosynthetic limitations between co-occurring C3 and C4 (NADP-ME) Panicoid grasses. (2010). Journal of Experimental Botany. https://doi.org/10.1093/jxb/erq002, Trait - climate relations in Themeda triandra. (2026). bioRxiv. https://doi.org/10.64898/2026.03.04.709158 | Z3: https://gemini.google.com/app/fb1a10812441293e | AA3: bermuda grass | AB3: cynodon dactylon | AD3: 0.01 | AE3: 0.05 | AF3: =_xlfn.CONCAT("studies which report the ",D3," as ",E3," (",F3,") , and the values reported therein, of ",AA3, " (",AB3, ") under semi-arid environments. Provide the links to the scientific article") -> studies which report the Maintenance coefficient at reference temperature as a fraction () , and the values reported therein, of bermuda grass (cynodon dactylon) under semi-arid environments. Provide the links to the scientific article | AH3: https://gemini.google.com/app/62623f6520ff455a | AI3: =$L3*AO$2+$W3*AO$3 -> 0.0135 | AJ3: =$L3*AO$2+$W3*AO$3+$AE3*AO$4 -> 0.026 | AK3: =$L3*AP$2+$W3*AP$3+$AE3*AP$4 -> 0.0215 | AL3: =$L3*AQ$2+$W3*AQ$3+$AE3*AQ$4 -> 0.0215 | AM3: =$L3*AR$2+$W3*AR$3+$AE3*AR$4 -> 0.02075 | AN3: Themeda triandra | AO3: 0.45 | AP3: 0.5 | AQ3: 0.5 | AR3: 0.6 | AU3: Whistling thorn | AV3: Vachellia drepanolobium | AW3: Mimosoideae | AX3: Acacieae | BC3: =_xlfn.CONCAT("studies which report the ",D3," as ",E3," (",F3,") , and the values reported therein, of ",AU3, " (",AV3, ") under semi-arid environments. If no data for this species exists, please default to tribe ",AW3," and if no data there exists, to the family ",AX3," Provide the links to the scientific article") -> studies which report the Maintenance coefficient at reference temperature as a fraction () , and the values reported therein, of Whistling thorn (Vachellia drepanolobium) under semi-arid environments. If no data for this species exists, please default to tribe Mimosoideae and if no data there exists, to the family Acacieae Provide the links to the scientific article | BG3: indigofera | BH3: Indigofera voharamensis, indigofera volkensii | BM3: =_xlfn.CONCAT("studies which report the ",D3," as ",E3," (",F3,") , and the values reported therein of ",BG3," genus vegetation (e.g. ",BH3," ). Provide the links to the scientific article") -> studies which report the Maintenance coefficient at reference temperature as a fraction () , and the values reported therein of indigofera genus vegetation (e.g. Indigofera voharamensis, indigofera volkensii ). Provide the links to the scientific article | BQ3: tephrosia | BR3: tephrosia elata | BX3: =_xlfn.CONCAT("studies which report the ",D3," as ",E3," (",F3,") , and the values reported therein of ",BQ3," genus vegetation (e.g. ",BR3," ). Provide the links to the scientific article") -> studies which report the Maintenance coefficient at reference temperature as a fraction () , and the values reported therein of tephrosia genus vegetation (e.g. tephrosia elata ). Provide the links to the scientific article | CB3: =$BL3*CG$2+$BW3*CG$3 -> 0 | CC3: =$BL3*CH$2+$BW3*CH$3 -> 0 | CD3: =$BL3*CI$2+$BW3*CI$3 -> 0 | CE3: =$BL3*CJ$2+$BW3*CJ$3 -> 0 | CF3: tephrosia | CG3: 0.6 | CH3: 0.5 | CI3: 0.4 | CJ3: 0.3
A4: VCMAX | C4: Gas exchange | D4: Maximum Rubisco activity at 25 degrees celsius | E4: micromols per square meter per second | F4: umol m^-2 s^-1 | L4: =J4+(K4-J4)*0.5 -> 0 | M4: =M3 -> Cenchrus grass species | N4: =N3 -> Cenchrus ciliaris, Cenchrus purpureus, Cenchrus setiger, Cenchrus setaceus, Cenchrus biflorus, Cenchrus Mezianus | O4: =_xlfn.CONCAT("studies which report the ",D4," as ",E4," (",F4,") , and the values reported therein, of ",M4, " (",N4, ") under semi-arid environments. Provide the links to the scientific article") -> studies which report the Maximum Rubisco activity at 25 degrees celsius as micromols per square meter per second (umol m^-2 s^-1) , and the values reported therein, of Cenchrus grass species (Cenchrus ciliaris, Cenchrus purpureus, Cenchrus setiger, Cenchrus setaceus, Cenchrus biflorus, Cenchrus Mezianus ) under semi-arid environments. Provide the links to the scientific article | S4: red oat grass | T4: Themeda triandra | U4: 11 | V4: 22.4 | W4: =(V4-U4)/2+U4 -> 16.7 | X4: =_xlfn.CONCAT("studies which report the ",D4," as ",E4," (",F4,") , and the values reported therein, of ",S4, " (",T4, ") under semi-arid environments. Provide the links to the scientific article") -> studies which report the Maximum Rubisco activity at 25 degrees celsius as micromols per square meter per second (umol m^-2 s^-1) , and the values reported therein, of red oat grass (Themeda triandra) under semi-arid environments. Provide the links to the scientific article | Y4: Ripley, B., Frole, K., & Gilbert, M. (2010). Differences in drought sensitivities and photosynthetic limitations between co-occurring C3 and C4 (NADP-ME) Panicoid grasses. Journal of Experimental Botany, 61(4), 1093–1103. https://doi.org/10.1093/jxb/erp373 Cited by: 124 | Z4: https://gemini.google.com/app/e0934cabf6e8e065 | AA4: bermuda grass | AB4: cynodon dactylon | AF4: =_xlfn.CONCAT("studies which report the ",D4," as ",E4," (",F4,") , and the values reported therein, of ",AA4, " (",AB4, ") under semi-arid environments. Provide the links to the scientific article") -> studies which report the Maximum Rubisco activity at 25 degrees celsius as micromols per square meter per second (umol m^-2 s^-1) , and the values reported therein, of bermuda grass (cynodon dactylon) under semi-arid environments. Provide the links to the scientific article | AG4: Carmo-Silva, A. E., Keys, A. J., Andralojc, P. J., Powers, S. J., Arrabaça, M. C., & Parry, M. A. J. (2010). Rubisco activities, properties, and regulation in three different C4 grasses under drought. Journal of Experimental Botany, 61(9), 2355–2366. https://doi.org/10.1093/jxb/erq071 | AH4: https://gemini.google.com/app/231d22360cad714b | AI4: =$L4*AO$2+$W4*AO$3 -> 7.515 | AJ4: =$L4*AO$2+$W4*AO$3+$AE4*AO$4 -> 7.515 | AK4: =$L4*AP$2+$W4*AP$3+$AE4*AP$4 -> 8.35 | AL4: =$L4*AQ$2+$W4*AQ$3+$AE4*AQ$4 -> 8.35 | AM4: =$L4*AR$2+$W4*AR$3+$AE4*AR$4 -> 10.02 | AN4: Bermuda grass | AO4: =1-AO2-AO3 -> 0.25 | AP4: =1-AP2-AP3 -> 0.1 | AQ4: =1-AQ2-AQ3 -> 0.1 | AR4: =1-AR2-AR3 -> 0.1 | AU4: Whistling thorn | AV4: Vachellia drepanolobium | AW4: Mimosoideae | AX4: Acacieae | BC4: =_xlfn.CONCAT("studies which report the ",D4," as ",E4," (",F4,") , and the values reported therein, of ",AU4, " (",AV4, ") under semi-arid environments. If no data for this species exists, please default to tribe ",AW4," and if no data there exists, to the family ",AX4," Provide the links to the scientific article") -> studies which report the Maximum Rubisco activity at 25 degrees celsius as micromols per square meter per second (umol m^-2 s^-1) , and the values reported therein, of Whistling thorn (Vachellia drepanolobium) under semi-arid environments. If no data for this species exists, please default to tribe Mimosoideae and if no data there exists, to the family Acacieae Provide the links to the scientific article | BG4: indigofera | BH4: Indigofera voharamensis, indigofera volkensii | BM4: =_xlfn.CONCAT("studies which report the ",D4," as ",E4," (",F4,") , and the values reported therein of ",BG4," genus vegetation (e.g. ",BH4," ). Provide the links to the scientific article") -> studies which report the Maximum Rubisco activity at 25 degrees celsius as micromols per square meter per second (umol m^-2 s^-1) , and the values reported therein of indigofera genus vegetation (e.g. Indigofera voharamensis, indigofera volkensii ). Provide the links to the scientific article | BQ4: tephrosia | BR4: tephrosia elata | BX4: =_xlfn.CONCAT("studies which report the ",D4," as ",E4," (",F4,") , and the values reported therein of ",BQ4," genus vegetation (e.g. ",BR4," ). Provide the links to the scientific article") -> studies which report the Maximum Rubisco activity at 25 degrees celsius as micromols per square meter per second (umol m^-2 s^-1) , and the values reported therein of tephrosia genus vegetation (e.g. tephrosia elata ). Provide the links to the scientific article | CB4: =$BL4*CG$2+$BW4*CG$3 -> 0 | CC4: =$BL4*CH$2+$BW4*CH$3 -> 0 | CD4: =$BL4*CI$2+$BW4*CI$3 -> 0 | CE4: =$BL4*CJ$2+$BW4*CJ$3 -> 0
A5: AEJM | B5: 13 | C5: Gas exchange | D5: activation energy for electron transport | E5: Joules per mol | F5: J mol^-1 | J5: 37000 | K5: 45000 | L5: =J5+(K5-J5)*0.5 -> 41000 | M5: =M4 -> Cenchrus grass species | N5: =N4 -> Cenchrus ciliaris, Cenchrus purpureus, Cenchrus setiger, Cenchrus setaceus, Cenchrus biflorus, Cenchrus Mezianus | O5: =_xlfn.CONCAT("studies which report the ",D5," as ",E5," (",F5,") , and the values reported therein, of ",M5, " (",N5, ") under semi-arid environments. Provide the links to the scientific article") -> studies which report the activation energy for electron transport as Joules per mol (J mol^-1) , and the values reported therein, of Cenchrus grass species (Cenchrus ciliaris, Cenchrus purpureus, Cenchrus setiger, Cenchrus setaceus, Cenchrus biflorus, Cenchrus Mezianus ) under semi-arid environments. Provide the links to the scientific article | Q5: https://gemini.google.com/app/c7066ed2c53b6e7c | S5: red oat grass | T5: Themeda triandra | U5: 35000 | V5: 45000 | W5: =(V5-U5)/2+U5 -> 40000 | X5: =_xlfn.CONCAT("studies which report the ",D5," as ",E5," (",F5,") , and the values reported therein, of ",S5, " (",T5, ") under semi-arid environments. Provide the links to the scientific article") -> studies which report the activation energy for electron transport as Joules per mol (J mol^-1) , and the values reported therein, of red oat grass (Themeda triandra) under semi-arid environments. Provide the links to the scientific article | Y5: Snyman, H. A., Ingram, L. J., & Kirkman, K. P. (2013). Themeda triandra: A keystone grass species. This comprehensive review discusses the physiological ecology of the species across semi-arid environments in Africa and Australia. Link: ResearchGate - Article Summary ,Bellasio, C., Beerling, D. J., & Griffiths, H. (2017). A dynamic hydro-mechanical and biochemical model of stomatal conductance for C4 photosynthesis. This study provides specific kinetic parameters for T. triandra, including $J_{max}$ activation energies. | Z5: https://gemini.google.com/app/5be94ff5b24eec83 | AA5: bermuda grass | AB5: cynodon dactylon | AF5: =_xlfn.CONCAT("studies which report the ",D5," as ",E5," (",F5,") , and the values reported therein, of ",AA5, " (",AB5, ") under semi-arid environments. Provide the links to the scientific article") -> studies which report the activation energy for electron transport as Joules per mol (J mol^-1) , and the values reported therein, of bermuda grass (cynodon dactylon) under semi-arid environments. Provide the links to the scientific article | AI5: =$L5*AO$2+$W5*AO$3 -> 30300 | AJ5: =$L5*AO$2+$W5*AO$3+$AE5*AO$4 -> 30300 | AK5: =$L5*AP$2+$W5*AP$3+$AE5*AP$4 -> 36400 | AL5: =$L5*AQ$2+$W5*AQ$3+$AE5*AQ$4 -> 36400 | AM5: =$L5*AR$2+$W5*AR$3+$AE5*AR$4 -> 36300 | AU5: Whistling thorn | AV5: Vachellia drepanolobium | AW5: Mimosoideae | AX5: Acacieae | BC5: =_xlfn.CONCAT("studies which report the ",D5," as ",E5," (",F5,") , and the values reported therein, of ",AU5, " (",AV5, ") under semi-arid environments. If no data for this species exists, please default to tribe ",AW5," and if no data there exists, to the family ",AX5," Provide the links to the scientific article") -> studies which report the activation energy for electron transport as Joules per mol (J mol^-1) , and the values reported therein, of Whistling thorn (Vachellia drepanolobium) under semi-arid environments. If no data for this species exists, please default to tribe Mimosoideae and if no data there exists, to the family Acacieae Provide the links to the scientific article | BG5: indigofera | BH5: Indigofera voharamensis, indigofera volkensii | BM5: =_xlfn.CONCAT("studies which report the ",D5," as ",E5," (",F5,") , and the values reported therein of ",BG5," genus vegetation (e.g. ",BH5," ). Provide the links to the scientific article") -> studies which report the activation energy for electron transport as Joules per mol (J mol^-1) , and the values reported therein of indigofera genus vegetation (e.g. Indigofera voharamensis, indigofera volkensii ). Provide the links to the scientific article | BQ5: tephrosia | BR5: tephrosia elata | BX5: =_xlfn.CONCAT("studies which report the ",D5," as ",E5," (",F5,") , and the values reported therein of ",BQ5," genus vegetation (e.g. ",BR5," ). Provide the links to the scientific article") -> studies which report the activation energy for electron transport as Joules per mol (J mol^-1) , and the values reported therein of tephrosia genus vegetation (e.g. tephrosia elata ). Provide the links to the scientific article | CB5: =$BL5*CG$2+$BW5*CG$3 -> 0 | CC5: =$BL5*CH$2+$BW5*CH$3 -> 0 | CD5: =$BL5*CI$2+$BW5*CI$3 -> 0 | CE5: =$BL5*CJ$2+$BW5*CJ$3 -> 0
A6: AEKC | B6: 14 | C6: Gas exchange | D6: Activation energy for Michaelis-Menten constant for CO2 | E6: Joules per mol | F6: J mol^-1 | J6: 72900 | K6: 75400 | L6: =J6+(K6-J6)*0.5 -> 74150 | M6: =M5 -> Cenchrus grass species | N6: =N5 -> Cenchrus ciliaris, Cenchrus purpureus, Cenchrus setiger, Cenchrus setaceus, Cenchrus biflorus, Cenchrus Mezianus | O6: =_xlfn.CONCAT("studies which report the ",D6," as ",E7," (",F6,") , and the values reported therein, of ",M6, " (",N6, ") under semi-arid environments. Provide the links to the scientific article") -> studies which report the Activation energy for Michaelis-Menten constant for CO2 as Joules per mol (J mol^-1) , and the values reported therein, of Cenchrus grass species (Cenchrus ciliaris, Cenchrus purpureus, Cenchrus setiger, Cenchrus setaceus, Cenchrus biflorus, Cenchrus Mezianus ) under semi-arid environments. Provide the links to the scientific article | Q6: https://gemini.google.com/app/d2b5401ed41a0d3a | S6: red oat grass | T6: Themeda triandra | W6: 36300 | X6: =_xlfn.CONCAT("studies which report the ",D6," as ",E6," (",F6,") , and the values reported therein, of ",S6, " (",T6, ") under semi-arid environments. Provide the links to the scientific article") -> studies which report the Activation energy for Michaelis-Menten constant for CO2 as Joules per mol (J mol^-1) , and the values reported therein, of red oat grass (Themeda triandra) under semi-arid environments. Provide the links to the scientific article | Y6: https://academic.oup.com/aob/article-abstract/87/1/136/2588428 | Z6: https://gemini.google.com/app/d49597d5a6ac4e7d | AA6: bermuda grass | AB6: cynodon dactylon | AF6: =_xlfn.CONCAT("studies which report the ",D6," as ",E6," (",F6,") , and the values reported therein, of ",AA6, " (",AB6, ") under semi-arid environments. Provide the links to the scientific article") -> studies which report the Activation energy for Michaelis-Menten constant for CO2 as Joules per mol (J mol^-1) , and the values reported therein, of bermuda grass (cynodon dactylon) under semi-arid environments. Provide the links to the scientific article | AH6: https://gemini.google.com/app/57f2aeb3d8bfd3fe | AI6: =$L6*AO$2+$W6*AO$3 -> 38580 | AJ6: =$L6*AO$2+$W6*AO$3+$AE6*AO$4 -> 38580 | AK6: =$L6*AP$2+$W6*AP$3+$AE6*AP$4 -> 47810 | AL6: =$L6*AQ$2+$W6*AQ$3+$AE6*AQ$4 -> 47810 | AM6: =$L6*AR$2+$W6*AR$3+$AE6*AR$4 -> 44025 | AU6: Whistling thorn | AV6: Vachellia drepanolobium | AW6: Mimosoideae | AX6: Acacieae | BC6: =_xlfn.CONCAT("studies which report the ",D6," as ",E6," (",F6,") , and the values reported therein, of ",AU6, " (",AV6, ") under semi-arid environments. If no data for this species exists, please default to tribe ",AW6," and if no data there exists, to the family ",AX6," Provide the links to the scientific article") -> studies which report the Activation energy for Michaelis-Menten constant for CO2 as Joules per mol (J mol^-1) , and the values reported therein, of Whistling thorn (Vachellia drepanolobium) under semi-arid environments. If no data for this species exists, please default to tribe Mimosoideae and if no data there exists, to the family Acacieae Provide the links to the scientific article | BG6: indigofera | BH6: Indigofera voharamensis, indigofera volkensii | BM6: =_xlfn.CONCAT("studies which report the ",D6," as ",E6," (",F6,") , and the values reported therein of ",BG6," genus vegetation (e.g. ",BH6," ). Provide the links to the scientific article") -> studies which report the Activation energy for Michaelis-Menten constant for CO2 as Joules per mol (J mol^-1) , and the values reported therein of indigofera genus vegetation (e.g. Indigofera voharamensis, indigofera volkensii ). Provide the links to the scientific article | BQ6: tephrosia | BR6: tephrosia elata | BX6: =_xlfn.CONCAT("studies which report the ",D6," as ",E6," (",F6,") , and the values reported therein of ",BQ6," genus vegetation (e.g. ",BR6," ). Provide the links to the scientific article") -> studies which report the Activation energy for Michaelis-Menten constant for CO2 as Joules per mol (J mol^-1) , and the values reported therein of tephrosia genus vegetation (e.g. tephrosia elata ). Provide the links to the scientific article | CB6: =$BL6*CG$2+$BW6*CG$3 -> 0 | CC6: =$BL6*CH$2+$BW6*CH$3 -> 0 | CD6: =$BL6*CI$2+$BW6*CI$3 -> 0 | CE6: =$BL6*CJ$2+$BW6*CJ$3 -> 0
A7: AEKO | B7: 15 | C7: Gas exchange | D7: activation energy for Michaelis-Menten constant for O2 | E7: Joules per mol | F7: J mol^-1 | I7: 36380 | J7: 36000 | K7: 36000 | L7: =J7+(K7-J7)*0.5 -> 36000 | M7: =M6 -> Cenchrus grass species | N7: =N6 -> Cenchrus ciliaris, Cenchrus purpureus, Cenchrus setiger, Cenchrus setaceus, Cenchrus biflorus, Cenchrus Mezianus | O7: =_xlfn.CONCAT("studies which report the ",D7," as ",E8," (",F7,") , and the values reported therein, of ",M7, " (",N7, ") under semi-arid environments. Provide the links to the scientific article") -> studies which report the activation energy for Michaelis-Menten constant for O2 as Joules per mol (J mol^-1) , and the values reported therein, of Cenchrus grass species (Cenchrus ciliaris, Cenchrus purpureus, Cenchrus setiger, Cenchrus setaceus, Cenchrus biflorus, Cenchrus Mezianus ) under semi-arid environments. Provide the links to the scientific article | Q7: https://gemini.google.com/app/c7066ed2c53b6e7c | S7: red oat grass | T7: Themeda triandra | U7: 36000 | V7: 4000 | W7: 38000 | X7: =_xlfn.CONCAT("studies which report the ",D7," as ",E7," (",F7,") , and the values reported therein, of ",S7, " (",T7, ") under semi-arid environments. Provide the links to the scientific article") -> studies which report the activation energy for Michaelis-Menten constant for O2 as Joules per mol (J mol^-1) , and the values reported therein, of red oat grass (Themeda triandra) under semi-arid environments. Provide the links to the scientific article | Y7: Massad, R. S., Tuzet, A., & Bethenod, O. (2007). The temperature response of C4 photosynthesis: a review. | Z7: https://gemini.google.com/app/63b2950859a5cb62 | AA7: bermuda grass | AB7: cynodon dactylon | AC7: 50000 | AD7: 70000 | AE7: 60000 | AF7: =_xlfn.CONCAT("studies which report the ",D7," as ",E7," (",F7,") , and the values reported therein, of ",AA7, " (",AB7, ") under semi-arid environments. Provide the links to the scientific article") -> studies which report the activation energy for Michaelis-Menten constant for O2 as Joules per mol (J mol^-1) , and the values reported therein, of bermuda grass (cynodon dactylon) under semi-arid environments. Provide the links to the scientific article | AG7: C4 defalt | AH7: https://gemini.google.com/app/872a6d3e780e094c | AI7: =$L7*AO$2+$W7*AO$3 -> 27900 | AJ7: =$L7*AO$2+$W7*AO$3+$AE7*AO$4 -> 42900 | AK7: =$L7*AP$2+$W7*AP$3+$AE7*AP$4 -> 39400 | AL7: =$L7*AQ$2+$W7*AQ$3+$AE7*AQ$4 -> 39400 | AM7: =$L7*AR$2+$W7*AR$3+$AE7*AR$4 -> 39600 | AU7: Whistling thorn | AV7: Vachellia drepanolobium | AW7: Mimosoideae | AX7: Acacieae | BC7: =_xlfn.CONCAT("studies which report the ",D7," as ",E7," (",F7,") , and the values reported therein, of ",AU7, " (",AV7, ") under semi-arid environments. If no data for this species exists, please default to tribe ",AW7," and if no data there exists, to the family ",AX7," Provide the links to the scientific article") -> studies which report the activation energy for Michaelis-Menten constant for O2 as Joules per mol (J mol^-1) , and the values reported therein, of Whistling thorn (Vachellia drepanolobium) under semi-arid environments. If no data for this species exists, please default to tribe Mimosoideae and if no data there exists, to the family Acacieae Provide the links to the scientific article | BG7: indigofera | BH7: Indigofera voharamensis, indigofera volkensii | BM7: =_xlfn.CONCAT("studies which report the ",D7," as ",E7," (",F7,") , and the values reported therein of ",BG7," genus vegetation (e.g. ",BH7," ). Provide the links to the scientific article") -> studies which report the activation energy for Michaelis-Menten constant for O2 as Joules per mol (J mol^-1) , and the values reported therein of indigofera genus vegetation (e.g. Indigofera voharamensis, indigofera volkensii ). Provide the links to the scientific article | BQ7: tephrosia | BR7: tephrosia elata | BX7: =_xlfn.CONCAT("studies which report the ",D7," as ",E7," (",F7,") , and the values reported therein of ",BQ7," genus vegetation (e.g. ",BR7," ). Provide the links to the scientific article") -> studies which report the activation energy for Michaelis-Menten constant for O2 as Joules per mol (J mol^-1) , and the values reported therein of tephrosia genus vegetation (e.g. tephrosia elata ). Provide the links to the scientific article | CB7: =$BL7*CG$2+$BW7*CG$3 -> 0 | CC7: =$BL7*CH$2+$BW7*CH$3 -> 0 | CD7: =$BL7*CI$2+$BW7*CI$3 -> 0 | CE7: =$BL7*CJ$2+$BW7*CJ$3 -> 0
A8: AERD | B8: 16 | C8: Gas exchange | D8: Activation energy for dark respiration ( | E8: Joules per mol | F8: J mol^-1 | J8: 45000 | K8: 65000 | L8: =J8+(K8-J8)*0.5 -> 55000 | M8: =M7 -> Cenchrus grass species | N8: =N7 -> Cenchrus ciliaris, Cenchrus purpureus, Cenchrus setiger, Cenchrus setaceus, Cenchrus biflorus, Cenchrus Mezianus | O8: =_xlfn.CONCAT("studies which report the ",D8," as ",E9," (",F8,") , and the values reported therein, of ",M8, " (",N8, ") under semi-arid environments. Provide the links to the scientific article") -> studies which report the Activation energy for dark respiration ( as Joules per mol (J mol^-1) , and the values reported therein, of Cenchrus grass species (Cenchrus ciliaris, Cenchrus purpureus, Cenchrus setiger, Cenchrus setaceus, Cenchrus biflorus, Cenchrus Mezianus ) under semi-arid environments. Provide the links to the scientific article | P8: Sonawane et al | Q8: https://gemini.google.com/app/c7066ed2c53b6e7c | S8: red oat grass | T8: Themeda triandra | U8: 50000 | V8: 70000 | W8: =(V8-U8)/2+U8 -> 60000 | X8: =_xlfn.CONCAT("studies which report the ",D8," as ",E8," (",F8,") , and the values reported therein, of ",S8, " (",T8, ") under semi-arid environments. Provide the links to the scientific article") -> studies which report the Activation energy for dark respiration ( as Joules per mol (J mol^-1) , and the values reported therein, of red oat grass (Themeda triandra) under semi-arid environments. Provide the links to the scientific article | Y8: (2026). Trait-climate relations in Themeda triandra. bioRxiv. https://doi.org/10.1101/2026.03.04.709158 | Z8: https://gemini.google.com/app/58fdbab3b0d8c0b5 | AA8: bermuda grass | AB8: cynodon dactylon | AC8: 46390 | AD8: 46390 | AE8: 46390 | AF8: =_xlfn.CONCAT("studies which report the ",D8," as ",E8," (",F8,") , and the values reported therein, of ",AA8, " (",AB8, ") under semi-arid environments. Provide the links to the scientific article") -> studies which report the Activation energy for dark respiration ( as Joules per mol (J mol^-1) , and the values reported therein, of bermuda grass (cynodon dactylon) under semi-arid environments. Provide the links to the scientific article | AH8: https://gemini.google.com/app/47e2cffefc9c5e07 | AI8: =$L8*AO$2+$W8*AO$3 -> 43500 | AJ8: =$L8*AO$2+$W8*AO$3+$AE8*AO$4 -> 55097.5 | AK8: =$L8*AP$2+$W8*AP$3+$AE8*AP$4 -> 56639 | AL8: =$L8*AQ$2+$W8*AQ$3+$AE8*AQ$4 -> 56639 | AM8: =$L8*AR$2+$W8*AR$3+$AE8*AR$4 -> 57139 | AU8: Whistling thorn | AV8: Vachellia drepanolobium | AW8: Mimosoideae | AX8: Acacieae | BC8: =_xlfn.CONCAT("studies which report the ",D8," as ",E8," (",F8,") , and the values reported therein, of ",AU8, " (",AV8, ") under semi-arid environments. If no data for this species exists, please default to tribe ",AW8," and if no data there exists, to the family ",AX8," Provide the links to the scientific article") -> studies which report the Activation energy for dark respiration ( as Joules per mol (J mol^-1) , and the values reported therein, of Whistling thorn (Vachellia drepanolobium) under semi-arid environments. If no data for this species exists, please default to tribe Mimosoideae and if no data there exists, to the family Acacieae Provide the links to the scientific article | BG8: indigofera | BH8: Indigofera voharamensis, indigofera volkensii | BM8: =_xlfn.CONCAT("studies which report the ",D8," as ",E8," (",F8,") , and the values reported therein of ",BG8," genus vegetation (e.g. ",BH8," ). Provide the links to the scientific article") -> studies which report the Activation energy for dark respiration ( as Joules per mol (J mol^-1) , and the values reported therein of indigofera genus vegetation (e.g. Indigofera voharamensis, indigofera volkensii ). Provide the links to the scientific article | BQ8: tephrosia | BR8: tephrosia elata | BX8: =_xlfn.CONCAT("studies which report the ",D8," as ",E8," (",F8,") , and the values reported therein of ",BQ8," genus vegetation (e.g. ",BR8," ). Provide the links to the scientific article") -> studies which report the Activation energy for dark respiration ( as Joules per mol (J mol^-1) , and the values reported therein of tephrosia genus vegetation (e.g. tephrosia elata ). Provide the links to the scientific article | CB8: =$BL8*CG$2+$BW8*CG$3 -> 0 | CC8: =$BL8*CH$2+$BW8*CH$3 -> 0 | CD8: =$BL8*CI$2+$BW8*CI$3 -> 0 | CE8: =$BL8*CJ$2+$BW8*CJ$3 -> 0
A9: AEVC | B9: 17 | C9: Gas exchange | D9: activation energy for photosynthesis | E9: Joules per mol | F9: J mol^-1 | J9: 36000 | K9: 66300 | L9: =J9+(K9-J9)*0.5 -> 51150 | M9: =M8 -> Cenchrus grass species | N9: =N8 -> Cenchrus ciliaris, Cenchrus purpureus, Cenchrus setiger, Cenchrus setaceus, Cenchrus biflorus, Cenchrus Mezianus | O9: =_xlfn.CONCAT("studies which report the ",D9," as ",E10," (",F9,") , and the values reported therein, of ",M9, " (",N9, ") under semi-arid environments. Provide the links to the scientific article") -> studies which report the activation energy for photosynthesis as (J mol^-1) , and the values reported therein, of Cenchrus grass species (Cenchrus ciliaris, Cenchrus purpureus, Cenchrus setiger, Cenchrus setaceus, Cenchrus biflorus, Cenchrus Mezianus ) under semi-arid environments. Provide the links to the scientific article | Q9: https://gemini.google.com/app/c7066ed2c53b6e7c | S9: red oat grass | T9: Themeda triandra | U9: 56000 | V9: 82000 | W9: =(V9-U9)/2+U9 -> 69000 | X9: =_xlfn.CONCAT("studies which report the ",D9," as ",E9," (",F9,") , and the values reported therein, of ",S9, " (",T9, ") under semi-arid environments. Provide the links to the scientific article") -> studies which report the activation energy for photosynthesis as Joules per mol (J mol^-1) , and the values reported therein, of red oat grass (Themeda triandra) under semi-arid environments. Provide the links to the scientific article | Y9: Semantic Scholar. (2025). Changes in the Responses of Leaf Gas Exchange to Temperature and Photosynthesis Model Parameters in Four C3 Species in the Field. Semantic Scholar. https://pdfs.semanticscholar.org/463f/37a939256257e0dbd380d64517aab19156b9.pdf | Z9: https://gemini.google.com/app/ff95520e6b559c20 | AA9: bermuda grass | AB9: cynodon dactylon | AC9: 50100 | AD9: 50100 | AE9: 50100 | AF9: =_xlfn.CONCAT("studies which report the ",D9," as ",E9," (",F9,") , and the values reported therein, of ",AA9, " (",AB9, ") under semi-arid environments. Provide the links to the scientific article") -> studies which report the activation energy for photosynthesis as Joules per mol (J mol^-1) , and the values reported therein, of bermuda grass (cynodon dactylon) under semi-arid environments. Provide the links to the scientific article | AH9: https://gemini.google.com/app/eb6575ff453309c4 | AI9: =$L9*AO$2+$W9*AO$3 -> 46395 | AJ9: =$L9*AO$2+$W9*AO$3+$AE9*AO$4 -> 58920 | AK9: =$L9*AP$2+$W9*AP$3+$AE9*AP$4 -> 59970 | AL9: =$L9*AQ$2+$W9*AQ$3+$AE9*AQ$4 -> 59970 | AM9: =$L9*AR$2+$W9*AR$3+$AE9*AR$4 -> 61755 | AU9: Whistling thorn | AV9: Vachellia drepanolobium | AW9: Mimosoideae | AX9: Acacieae | BC9: =_xlfn.CONCAT("studies which report the ",D9," as ",E9," (",F9,") , and the values reported therein, of ",AU9, " (",AV9, ") under semi-arid environments. If no data for this species exists, please default to tribe ",AW9," and if no data there exists, to the family ",AX9," Provide the links to the scientific article") -> studies which report the activation energy for photosynthesis as Joules per mol (J mol^-1) , and the values reported therein, of Whistling thorn (Vachellia drepanolobium) under semi-arid environments. If no data for this species exists, please default to tribe Mimosoideae and if no data there exists, to the family Acacieae Provide the links to the scientific article | BG9: indigofera | BH9: Indigofera voharamensis, indigofera volkensii | BM9: =_xlfn.CONCAT("studies which report the ",D9," as ",E9," (",F9,") , and the values reported therein of ",BG9," genus vegetation (e.g. ",BH9," ). Provide the links to the scientific article") -> studies which report the activation energy for photosynthesis as Joules per mol (J mol^-1) , and the values reported therein of indigofera genus vegetation (e.g. Indigofera voharamensis, indigofera volkensii ). Provide the links to the scientific article | BQ9: tephrosia | BR9: tephrosia elata | BX9: =_xlfn.CONCAT("studies which report the ",D9," as ",E9," (",F9,") , and the values reported therein of ",BQ9," genus vegetation (e.g. ",BR9," ). Provide the links to the scientific article") -> studies which report the activation energy for photosynthesis as Joules per mol (J mol^-1) , and the values reported therein of tephrosia genus vegetation (e.g. tephrosia elata ). Provide the links to the scientific article | CB9: =$BL9*CG$2+$BW9*CG$3 -> 0 | CC9: =$BL9*CH$2+$BW9*CH$3 -> 0 | CD9: =$BL9*CI$2+$BW9*CI$3 -> 0 | CE9: =$BL9*CJ$2+$BW9*CJ$3 -> 0
A10: AEVO | B10: 18 | C10: Gas exchange | D10: Curvature Parameter: the shape of the light-response curve, which determines how quickly the electron transport rate (J) approaches its maximum (J_max) as Photosynthetically Active Radiation (PAR) increases. | J10: 21000 | K10: 36000 | L10: =J10+(K10-J10)*0.5 -> 28500 | M10: =M9 -> Cenchrus grass species | N10: =N9 -> Cenchrus ciliaris, Cenchrus purpureus, Cenchrus setiger, Cenchrus setaceus, Cenchrus biflorus, Cenchrus Mezianus | O10: =_xlfn.CONCAT("studies which report the ",D10," as ",#REF!," (",F10,") , and the values reported therein, of ",M10, " (",N10, ") under semi-arid environments. Provide the links to the scientific article") -> #REF! | S10: red oat grass | T10: Themeda triandra | U10: 21000 | V10: 36000 | W10: =(V10-U10)/2+U10 -> 28500 | X10: =_xlfn.CONCAT("studies which report the ",D10," as ",E10," (",F10,") , and the values reported therein, of ",S10, " (",T10, ") under semi-arid environments. Provide the links to the scientific article") -> studies which report the Curvature Parameter: the shape of the light-response curve, which determines how quickly the electron transport rate (J) approaches its maximum (J_max) as Photosynthetically Active Radiation (PAR) increases. as () , and the values reported therein, of red oat grass (Themeda triandra) under semi-arid environments. Provide the links to the scientific article | Y10: Ghannoum et al. (2005): "The photosynthesis–leaf nitrogen relationship in C4 grasses of contrasting NADP-ME and NAD-ME subtypes." This study provides extensive kinetic data for Themeda triandra (an NADP-ME species), including how Rubisco efficiency scales with temperature and nitrogen in semi-arid adapted grasses. | Z10: https://gemini.google.com/app/60f938f5de050869 | AA10: bermuda grass | AB10: cynodon dactylon | AF10: =_xlfn.CONCAT("studies which report the ",D10," as ",E10," (",F10,") , and the values reported therein, of ",AA10, " (",AB10, ") under semi-arid environments. Provide the links to the scientific article") -> studies which report the Curvature Parameter: the shape of the light-response curve, which determines how quickly the electron transport rate (J) approaches its maximum (J_max) as Photosynthetically Active Radiation (PAR) increases. as () , and the values reported therein, of bermuda grass (cynodon dactylon) under semi-arid environments. Provide the links to the scientific article | AI10: =$L10*AO$2+$W10*AO$3 -> 21375 | AJ10: =$L10*AO$2+$W10*AO$3+$AE10*AO$4 -> 21375 | AK10: =$L10*AP$2+$W10*AP$3+$AE10*AP$4 -> 25650 | AL10: =$L10*AQ$2+$W10*AQ$3+$AE10*AQ$4 -> 25650 | AM10: =$L10*AR$2+$W10*AR$3+$AE10*AR$4 -> 25650 | AU10: Whistling thorn | AV10: Vachellia drepanolobium | AW10: Mimosoideae | AX10: Acacieae | BC10: =_xlfn.CONCAT("studies which report the ",D10," as ",E10," (",F10,") , and the values reported therein, of ",AU10, " (",AV10, ") under semi-arid environments. If no data for this species exists, please default to tribe ",AW10," and if no data there exists, to the family ",AX10," Provide the links to the scientific article") -> studies which report the Curvature Parameter: the shape of the light-response curve, which determines how quickly the electron transport rate (J) approaches its maximum (J_max) as Photosynthetically Active Radiation (PAR) increases. as () , and the values reported therein, of Whistling thorn (Vachellia drepanolobium) under semi-arid environments. If no data for this species exists, please default to tribe Mimosoideae and if no data there exists, to the family Acacieae Provide the links to the scientific article | BG10: indigofera | BH10: Indigofera voharamensis, indigofera volkensii | BM10: =_xlfn.CONCAT("studies which report the ",D10," as ",E10," (",F10,") , and the values reported therein of ",BG10," genus vegetation (e.g. ",BH10," ). Provide the links to the scientific article") -> studies which report the Curvature Parameter: the shape of the light-response curve, which determines how quickly the electron transport rate (J) approaches its maximum (J_max) as Photosynthetically Active Radiation (PAR) increases. as () , and the values reported therein of indigofera genus vegetation (e.g. Indigofera voharamensis, indigofera volkensii ). Provide the links to the scientific article | BQ10: tephrosia | BR10: tephrosia elata | BX10: =_xlfn.CONCAT("studies which report the ",D10," as ",E10," (",F10,") , and the values reported therein of ",BQ10," genus vegetation (e.g. ",BR10," ). Provide the links to the scientific article") -> studies which report the Curvature Parameter: the shape of the light-response curve, which determines how quickly the electron transport rate (J) approaches its maximum (J_max) as Photosynthetically Active Radiation (PAR) increases. as () , and the values reported therein of tephrosia genus vegetation (e.g. tephrosia elata ). Provide the links to the scientific article | CB10: =$BL10*CG$2+$BW10*CG$3 -> 0 | CC10: =$BL10*CH$2+$BW10*CH$3 -> 0 | CD10: =$BL10*CI$2+$BW10*CI$3 -> 0 | CE10: =$BL10*CJ$2+$BW10*CJ$3 -> 0
A11: KC25 | C11: Gas exchange | D11: Relation between maximum electron transport rate and RubP saturated rate of carboxylation | L11: =J11+(K11-J11)*0.5 -> 0 | M11: =M6 -> Cenchrus grass species | N11: =N6 -> Cenchrus ciliaris, Cenchrus purpureus, Cenchrus setiger, Cenchrus setaceus, Cenchrus biflorus, Cenchrus Mezianus | O11: =_xlfn.CONCAT("studies which report the ",D11," as ",E11," (",F11,") , and the values reported therein, of ",M11, " (",N11, ") under semi-arid environments. Provide the links to the scientific article") -> studies which report the Relation between maximum electron transport rate and RubP saturated rate of carboxylation as () , and the values reported therein, of Cenchrus grass species (Cenchrus ciliaris, Cenchrus purpureus, Cenchrus setiger, Cenchrus setaceus, Cenchrus biflorus, Cenchrus Mezianus ) under semi-arid environments. Provide the links to the scientific article | S11: red oat grass | T11: Themeda triandra | U11: 650 | V11: 685 | W11: =(V11-U11)/2+U11 -> 667.5 | X11: =_xlfn.CONCAT("studies which report the ",D11," as ",E11," (",F11,") , and the values reported therein, of ",S11, " (",T11, ") under semi-arid environments. Provide the links to the scientific article") -> studies which report the Relation between maximum electron transport rate and RubP saturated rate of carboxylation as () , and the values reported therein, of red oat grass (Themeda triandra) under semi-arid environments. Provide the links to the scientific article | AA11: bermuda grass | AB11: cynodon dactylon | AF11: =_xlfn.CONCAT("studies which report the ",D11," as ",E11," (",F11,") , and the values reported therein, of ",AA11, " (",AB11, ") under semi-arid environments. Provide the links to the scientific article") -> studies which report the Relation between maximum electron transport rate and RubP saturated rate of carboxylation as () , and the values reported therein, of bermuda grass (cynodon dactylon) under semi-arid environments. Provide the links to the scientific article | AI11: =$L11*AO$2+$W11*AO$3 -> 300.375 | AJ11: =$L11*AO$2+$W11*AO$3+$AE11*AO$4 -> 300.375 | AK11: =$L11*AP$2+$W11*AP$3+$AE11*AP$4 -> 333.75 | AL11: =$L11*AQ$2+$W11*AQ$3+$AE11*AQ$4 -> 333.75 | AM11: =$L11*AR$2+$W11*AR$3+$AE11*AR$4 -> 400.5 | AU11: Whistling thorn | AV11: Vachellia drepanolobium | AW11: Mimosoideae | AX11: Acacieae | BC11: =_xlfn.CONCAT("studies which report the ",D11," as ",E11," (",F11,") , and the values reported therein, of ",AU11, " (",AV11, ") under semi-arid environments. If no data for this species exists, please default to tribe ",AW11," and if no data there exists, to the family ",AX11," Provide the links to the scientific article") -> studies which report the Relation between maximum electron transport rate and RubP saturated rate of carboxylation as () , and the values reported therein, of Whistling thorn (Vachellia drepanolobium) under semi-arid environments. If no data for this species exists, please default to tribe Mimosoideae and if no data there exists, to the family Acacieae Provide the links to the scientific article | BG11: indigofera | BH11: Indigofera voharamensis, indigofera volkensii | BM11: =_xlfn.CONCAT("studies which report the ",D11," as ",E11," (",F11,") , and the values reported therein of ",BG11," genus vegetation (e.g. ",BH11," ). Provide the links to the scientific article") -> studies which report the Relation between maximum electron transport rate and RubP saturated rate of carboxylation as () , and the values reported therein of indigofera genus vegetation (e.g. Indigofera voharamensis, indigofera volkensii ). Provide the links to the scientific article | BQ11: tephrosia | BR11: tephrosia elata | BX11: =_xlfn.CONCAT("studies which report the ",D11," as ",E11," (",F11,") , and the values reported therein of ",BQ11," genus vegetation (e.g. ",BR11," ). Provide the links to the scientific article") -> studies which report the Relation between maximum electron transport rate and RubP saturated rate of carboxylation as () , and the values reported therein of tephrosia genus vegetation (e.g. tephrosia elata ). Provide the links to the scientific article | CB11: =$BL11*CG$2+$BW11*CG$3 -> 0 | CC11: =$BL11*CH$2+$BW11*CH$3 -> 0 | CD11: =$BL11*CI$2+$BW11*CI$3 -> 0 | CE11: =$BL11*CJ$2+$BW11*CJ$3 -> 0
A12: THETA | C12: Gas exchange | D12: Curvature Parameter: the shape of the light-response curve, which determines how quickly the electron transport rate (J) approaches its maximum (J_max) as Photosynthetically Active Radiation (PAR) increases. | E12: unitless | J12: 0.7 | K12: 0.9 | L12: =J12+(K12-J12)*0.5 -> 0.8 | M12: =M7 -> Cenchrus grass species | N12: =N7 -> Cenchrus ciliaris, Cenchrus purpureus, Cenchrus setiger, Cenchrus setaceus, Cenchrus biflorus, Cenchrus Mezianus | O12: =_xlfn.CONCAT("studies which report the ",D12," as ",E12," (",F12,") , and the values reported therein, of ",M12, " (",N12, ") under semi-arid environments. Provide the links to the scientific article") -> studies which report the Curvature Parameter: the shape of the light-response curve, which determines how quickly the electron transport rate (J) approaches its maximum (J_max) as Photosynthetically Active Radiation (PAR) increases. as unitless () , and the values reported therein, of Cenchrus grass species (Cenchrus ciliaris, Cenchrus purpureus, Cenchrus setiger, Cenchrus setaceus, Cenchrus biflorus, Cenchrus Mezianus ) under semi-arid environments. Provide the links to the scientific article | P12: https://gemini.google.com/app/7e166b6971e8ad52 | S12: red oat grass | T12: Themeda triandra | U12: 0 | V12: 0.9 | W12: =(V12-U12)/2+U12 -> 0.45 | X12: =_xlfn.CONCAT("studies which report the ",D12," as ",E12," (",F12,") , and the values reported therein, of ",S12, " (",T12, ") under semi-arid environments. Provide the links to the scientific article") -> studies which report the Curvature Parameter: the shape of the light-response curve, which determines how quickly the electron transport rate (J) approaches its maximum (J_max) as Photosynthetically Active Radiation (PAR) increases. as unitless () , and the values reported therein, of red oat grass (Themeda triandra) under semi-arid environments. Provide the links to the scientific article | Z12: https://gemini.google.com/app/5b003771d1f9befe | AA12: bermuda grass | AB12: cynodon dactylon | AF12: =_xlfn.CONCAT("studies which report the ",D12," as ",E12," (",F12,") , and the values reported therein, of ",AA12, " (",AB12, ") under semi-arid environments. Provide the links to the scientific article") -> studies which report the Curvature Parameter: the shape of the light-response curve, which determines how quickly the electron transport rate (J) approaches its maximum (J_max) as Photosynthetically Active Radiation (PAR) increases. as unitless () , and the values reported therein, of bermuda grass (cynodon dactylon) under semi-arid environments. Provide the links to the scientific article | AI12: =$L12*AO$2+$W12*AO$3 -> 0.4425 | AJ12: =$L12*AO$2+$W12*AO$3+$AE12*AO$4 -> 0.4425 | AK12: =$L12*AP$2+$W12*AP$3+$AE12*AP$4 -> 0.545 | AL12: =$L12*AQ$2+$W12*AQ$3+$AE12*AQ$4 -> 0.545 | AM12: =$L12*AR$2+$W12*AR$3+$AE12*AR$4 -> 0.51 | AU12: Whistling thorn | AV12: Vachellia drepanolobium | AW12: Mimosoideae | AX12: Acacieae | BC12: =_xlfn.CONCAT("studies which report the ",D12," as ",E12," (",F12,") , and the values reported therein, of ",AU12, " (",AV12, ") under semi-arid environments. If no data for this species exists, please default to tribe ",AW12," and if no data there exists, to the family ",AX12," Provide the links to the scientific article") -> studies which report the Curvature Parameter: the shape of the light-response curve, which determines how quickly the electron transport rate (J) approaches its maximum (J_max) as Photosynthetically Active Radiation (PAR) increases. as unitless () , and the values reported therein, of Whistling thorn (Vachellia drepanolobium) under semi-arid environments. If no data for this species exists, please default to tribe Mimosoideae and if no data there exists, to the family Acacieae Provide the links to the scientific article | BG12: indigofera | BH12: Indigofera voharamensis, indigofera volkensii | BM12: =_xlfn.CONCAT("studies which report the ",D12," as ",E12," (",F12,") , and the values reported therein of ",BG12," genus vegetation (e.g. ",BH12," ). Provide the links to the scientific article") -> studies which report the Curvature Parameter: the shape of the light-response curve, which determines how quickly the electron transport rate (J) approaches its maximum (J_max) as Photosynthetically Active Radiation (PAR) increases. as unitless () , and the values reported therein of indigofera genus vegetation (e.g. Indigofera voharamensis, indigofera volkensii ). Provide the links to the scientific article | BQ12: tephrosia | BR12: tephrosia elata | BX12: =_xlfn.CONCAT("studies which report the ",D12," as ",E12," (",F12,") , and the values reported therein of ",BQ12," genus vegetation (e.g. ",BR12," ). Provide the links to the scientific article") -> studies which report the Curvature Parameter: the shape of the light-response curve, which determines how quickly the electron transport rate (J) approaches its maximum (J_max) as Photosynthetically Active Radiation (PAR) increases. as unitless () , and the values reported therein of tephrosia genus vegetation (e.g. tephrosia elata ). Provide the links to the scientific article | CB12: =$BL12*CG$2+$BW12*CG$3 -> 0 | CC12: =$BL12*CH$2+$BW12*CH$3 -> 0 | CD12: =$BL12*CI$2+$BW12*CI$3 -> 0 | CE12: =$BL12*CJ$2+$BW12*CJ$3 -> 0
A13: QJVC | D13: Relation between dark respiration rate and RubP saturated rate of carboxyla tion at 25 oC | E13: micromols per square meter per second | S13: red oat grass | T13: Themeda triandra | X13: =_xlfn.CONCAT("studies which report the ",D13," as ",E13," (",F13,") , and the values reported therein, of ",S13, " (",T13, ") under semi-arid environments. Provide the links to the scientific article") -> studies which report the Relation between dark respiration rate and RubP saturated rate of carboxyla tion at 25 oC as micromols per square meter per second () , and the values reported therein, of red oat grass (Themeda triandra) under semi-arid environments. Provide the links to the scientific article | AA13: bermuda grass | AB13: cynodon dactylon | AF13: =_xlfn.CONCAT("studies which report the ",D13," as ",E13," (",F13,") , and the values reported therein, of ",AA13, " (",AB13, ") under semi-arid environments. Provide the links to the scientific article") -> studies which report the Relation between dark respiration rate and RubP saturated rate of carboxyla tion at 25 oC as micromols per square meter per second () , and the values reported therein, of bermuda grass (cynodon dactylon) under semi-arid environments. Provide the links to the scientific article | AI13: =$L13*AO$2+$W13*AO$3 -> 0 | AJ13: =$L13*AO$2+$W13*AO$3+$AE13*AO$4 -> 0 | AK13: =$L13*AP$2+$W13*AP$3+$AE13*AP$4 -> 0 | AL13: =$L13*AQ$2+$W13*AQ$3+$AE13*AQ$4 -> 0 | AM13: =$L13*AR$2+$W13*AR$3+$AE13*AR$4 -> 0 | AU13: Whistling thorn | AV13: Vachellia drepanolobium | AW13: Mimosoideae | AX13: Acacieae | BC13: =_xlfn.CONCAT("studies which report the ",D13," as ",E13," (",F13,") , and the values reported therein, of ",AU13, " (",AV13, ") under semi-arid environments. If no data for this species exists, please default to tribe ",AW13," and if no data there exists, to the family ",AX13," Provide the links to the scientific article") -> studies which report the Relation between dark respiration rate and RubP saturated rate of carboxyla tion at 25 oC as micromols per square meter per second () , and the values reported therein, of Whistling thorn (Vachellia drepanolobium) under semi-arid environments. If no data for this species exists, please default to tribe Mimosoideae and if no data there exists, to the family Acacieae Provide the links to the scientific article | BG13: indigofera | BH13: Indigofera voharamensis, indigofera volkensii | BM13: =_xlfn.CONCAT("studies which report the ",D13," as ",E13," (",F13,") , and the values reported therein of ",BG13," genus vegetation (e.g. ",BH13," ). Provide the links to the scientific article") -> studies which report the Relation between dark respiration rate and RubP saturated rate of carboxyla tion at 25 oC as micromols per square meter per second () , and the values reported therein of indigofera genus vegetation (e.g. Indigofera voharamensis, indigofera volkensii ). Provide the links to the scientific article | BQ13: tephrosia | BR13: tephrosia elata | BX13: =_xlfn.CONCAT("studies which report the ",D13," as ",E13," (",F13,") , and the values reported therein of ",BQ13," genus vegetation (e.g. ",BR13," ). Provide the links to the scientific article") -> studies which report the Relation between dark respiration rate and RubP saturated rate of carboxyla tion at 25 oC as micromols per square meter per second () , and the values reported therein of tephrosia genus vegetation (e.g. tephrosia elata ). Provide the links to the scientific article | CB13: =$BL13*CG$2+$BW13*CG$3 -> 0 | CC13: =$BL13*CH$2+$BW13*CH$3 -> 0 | CD13: =$BL13*CI$2+$BW13*CI$3 -> 0 | CE13: =$BL13*CJ$2+$BW13*CJ$3 -> 0
A14: QRD25 | D14: Relation between dark respiration rate and RubP saturated rate of carboxyla tion at 25 oC | E14: micromols per square meter per second | S14: red oat grass | T14: Themeda triandra | X14: =_xlfn.CONCAT("studies which report the ",D14," as ",E14," (",F14,") , and the values reported therein, of ",S14, " (",T14, ") under semi-arid environments. Provide the links to the scientific article") -> studies which report the Relation between dark respiration rate and RubP saturated rate of carboxyla tion at 25 oC as micromols per square meter per second () , and the values reported therein, of red oat grass (Themeda triandra) under semi-arid environments. Provide the links to the scientific article | AA14: bermuda grass | AB14: cynodon dactylon | AF14: =_xlfn.CONCAT("studies which report the ",D14," as ",E14," (",F14,") , and the values reported therein, of ",AA14, " (",AB14, ") under semi-arid environments. Provide the links to the scientific article") -> studies which report the Relation between dark respiration rate and RubP saturated rate of carboxyla tion at 25 oC as micromols per square meter per second () , and the values reported therein, of bermuda grass (cynodon dactylon) under semi-arid environments. Provide the links to the scientific article | AI14: =$L14*AO$2+$W14*AO$3 -> 0 | AJ14: =$L14*AO$2+$W14*AO$3+$AE14*AO$4 -> 0 | AK14: =$L14*AP$2+$W14*AP$3+$AE14*AP$4 -> 0 | AL14: =$L14*AQ$2+$W14*AQ$3+$AE14*AQ$4 -> 0 | AM14: =$L14*AR$2+$W14*AR$3+$AE14*AR$4 -> 0 | AU14: Whistling thorn | AV14: Vachellia drepanolobium | AW14: Mimosoideae | AX14: Acacieae | BC14: =_xlfn.CONCAT("studies which report the ",D14," as ",E14," (",F14,") , and the values reported therein, of ",AU14, " (",AV14, ") under semi-arid environments. If no data for this species exists, please default to tribe ",AW14," and if no data there exists, to the family ",AX14," Provide the links to the scientific article") -> studies which report the Relation between dark respiration rate and RubP saturated rate of carboxyla tion at 25 oC as micromols per square meter per second () , and the values reported therein, of Whistling thorn (Vachellia drepanolobium) under semi-arid environments. If no data for this species exists, please default to tribe Mimosoideae and if no data there exists, to the family Acacieae Provide the links to the scientific article | BG14: indigofera | BH14: Indigofera voharamensis, indigofera volkensii | BM14: =_xlfn.CONCAT("studies which report the ",D14," as ",E14," (",F14,") , and the values reported therein of ",BG14," genus vegetation (e.g. ",BH14," ). Provide the links to the scientific article") -> studies which report the Relation between dark respiration rate and RubP saturated rate of carboxyla tion at 25 oC as micromols per square meter per second () , and the values reported therein of indigofera genus vegetation (e.g. Indigofera voharamensis, indigofera volkensii ). Provide the links to the scientific article | BQ14: tephrosia | BR14: tephrosia elata | BX14: =_xlfn.CONCAT("studies which report the ",D14," as ",E14," (",F14,") , and the values reported therein of ",BQ14," genus vegetation (e.g. ",BR14," ). Provide the links to the scientific article") -> studies which report the Relation between dark respiration rate and RubP saturated rate of carboxyla tion at 25 oC as micromols per square meter per second () , and the values reported therein of tephrosia genus vegetation (e.g. tephrosia elata ). Provide the links to the scientific article | CB14: =$BL14*CG$2+$BW14*CG$3 -> 0 | CC14: =$BL14*CH$2+$BW14*CH$3 -> 0 | CD14: =$BL14*CI$2+$BW14*CI$3 -> 0 | CE14: =$BL14*CJ$2+$BW14*CJ$3 -> 0
A15: FRACTION_FOLIAGE | C15: Biomass proportions | D15: biomass fraction of foliage at maturity | E15: fraction | J15: 0.6 | K15: 0.7 | L15: =J15+(K15-J15)*0.5 -> 0.65 | M15: =M11 -> Cenchrus grass species | N15: =N11 -> Cenchrus ciliaris, Cenchrus purpureus, Cenchrus setiger, Cenchrus setaceus, Cenchrus biflorus, Cenchrus Mezianus | O15: =_xlfn.CONCAT("studies which report the ",D15," as ",E15," (",F15,") , and the values reported therein, of ",M15, " (",N15, ") under semi-arid environments. Provide the links to the scientific article") -> studies which report the biomass fraction of foliage at maturity as fraction () , and the values reported therein, of Cenchrus grass species (Cenchrus ciliaris, Cenchrus purpureus, Cenchrus setiger, Cenchrus setaceus, Cenchrus biflorus, Cenchrus Mezianus ) under semi-arid environments. Provide the links to the scientific article | S15: red oat grass | T15: Themeda triandra | W15: 0.3 | X15: =_xlfn.CONCAT("studies which report the ",D15," as ",E15," (",F15,") , and the values reported therein, of ",S15, " (",T15, ") under semi-arid environments. Provide the links to the scientific article") -> studies which report the biomass fraction of foliage at maturity as fraction () , and the values reported therein, of red oat grass (Themeda triandra) under semi-arid environments. Provide the links to the scientific article | AA15: bermuda grass | AB15: cynodon dactylon | AE15: =0.15 -> 0.15 | AF15: =_xlfn.CONCAT("studies which report the ",D15," as ",E15," (",F15,") , and the values reported therein, of ",AA15, " (",AB15, ") under semi-arid environments. Provide the links to the scientific article") -> studies which report the biomass fraction of foliage at maturity as fraction () , and the values reported therein, of bermuda grass (cynodon dactylon) under semi-arid environments. Provide the links to the scientific article | AI15: =$L15*AO$2+$W15*AO$3 -> 0.33 | AJ15: =$L15*AO$2+$W15*AO$3+$AE15*AO$4 -> 0.3675 | AK15: =$L15*AP$2+$W15*AP$3+$AE15*AP$4 -> 0.425 | AL15: =$L15*AQ$2+$W15*AQ$3+$AE15*AQ$4 -> 0.425 | AM15: =$L15*AR$2+$W15*AR$3+$AE15*AR$4 -> 0.39 | AU15: Whistling thorn | AV15: Vachellia drepanolobium | AW15: Mimosoideae | AX15: Acacieae | AY15: 0.04 | AZ15: 0.08 | BA15: 0.05 | BC15: =_xlfn.CONCAT("studies which report the ",D15," as ",E15," (",F15,") , and the values reported therein, of ",AU15, " (",AV15, ") under semi-arid environments. If no data for this species exists, please default to tribe ",AW15," and if no data there exists, to the family ",AX15," Provide the links to the scientific article") -> studies which report the biomass fraction of foliage at maturity as fraction () , and the values reported therein, of Whistling thorn (Vachellia drepanolobium) under semi-arid environments. If no data for this species exists, please default to tribe Mimosoideae and if no data there exists, to the family Acacieae Provide the links to the scientific article | BG15: indigofera | BH15: Indigofera voharamensis, indigofera volkensii | BJ15: 0.32 | BK15: 0.4 | BL15: 0.36 | BM15: =_xlfn.CONCAT("studies which report the ",D15," as ",E15," (",F15,") , and the values reported therein of ",BG15," genus vegetation (e.g. ",BH15," ). Provide the links to the scientific article") -> studies which report the biomass fraction of foliage at maturity as fraction () , and the values reported therein of indigofera genus vegetation (e.g. Indigofera voharamensis, indigofera volkensii ). Provide the links to the scientific article | BN15: LDNC defalt | BO15: https://gemini.google.com/app/9041c7014109f1fb | BQ15: tephrosia | BR15: tephrosia elata | BU15: 0.4 | BV15: 0.4 | BW15: 0.4 | BX15: =_xlfn.CONCAT("studies which report the ",D15," as ",E15," (",F15,") , and the values reported therein of ",BQ15," genus vegetation (e.g. ",BR15," ). Provide the links to the scientific article") -> studies which report the biomass fraction of foliage at maturity as fraction () , and the values reported therein of tephrosia genus vegetation (e.g. tephrosia elata ). Provide the links to the scientific article | BY15: LDNDC default | BZ15: https://gemini.google.com/app/f414b2e6f8747b12 | CB15: =$BL15*CG$2+$BW15*CG$3 -> 0.384 | CC15: =$BL15*CH$2+$BW15*CH$3 -> 0.38 | CD15: =$BL15*CI$2+$BW15*CI$3 -> 0.376 | CE15: =$BL15*CJ$2+$BW15*CJ$3 -> 0.372
A16: FRACTION_ROOT | C16: Biomass proportions | D16: biomass fraction of roots at maturity | E16: fraction | I16: 0.52 | J16: 0.52 | K16: 0.52 | L16: =J16+(K16-J16)*0.5 -> 0.52 | M16: =M15 -> Cenchrus grass species | N16: =N15 -> Cenchrus ciliaris, Cenchrus purpureus, Cenchrus setiger, Cenchrus setaceus, Cenchrus biflorus, Cenchrus Mezianus | O16: =_xlfn.CONCAT("studies which report the ",D16," as ",E16," (",F16,") , and the values reported therein, of ",M16, " (",N16, ") under semi-arid environments. Provide the links to the scientific article") -> studies which report the biomass fraction of roots at maturity as fraction () , and the values reported therein, of Cenchrus grass species (Cenchrus ciliaris, Cenchrus purpureus, Cenchrus setiger, Cenchrus setaceus, Cenchrus biflorus, Cenchrus Mezianus ) under semi-arid environments. Provide the links to the scientific article | Q16: https://www.google.com/search?q=studies+which+report+the+Biomass+fraction+of+roots+at+maturity+as+fraction+()+%2C+and+the+values+reported+therein%2C+of+Cenchrus+grass+species+(Cenchrus+ciliaris%2C+Cenchrus+purpureus%2C+Cenchrus+setiger%2C+Cenchrus+setaceus%2C+Cenchrus+biflorus%2C+Cenchrus+Mezianus+)+under+semi-arid+environments.+Please+also+provide+the+link+to+the+scientific+article&ie=UTF-8 | S16: red oat grass | T16: Themeda triandra | U16: 0.6 | V16: 0.75 | W16: 0.7 | X16: =_xlfn.CONCAT("studies which report the ",D16," as ",E16," (",F16,") , and the values reported therein, of ",S16, " (",T16, ") under semi-arid environments. Provide the links to the scientific article") -> studies which report the biomass fraction of roots at maturity as fraction () , and the values reported therein, of red oat grass (Themeda triandra) under semi-arid environments. Provide the links to the scientific article | AA16: bermuda grass | AB16: cynodon dactylon | AC16: 0.8 | AD16: 0.9 | AE16: 0.85 | AF16: =_xlfn.CONCAT("studies which report the ",D16," as ",E16," (",F16,") , and the values reported therein, of ",AA16, " (",AB16, ") under semi-arid environments. Provide the links to the scientific article") -> studies which report the biomass fraction of roots at maturity as fraction () , and the values reported therein, of bermuda grass (cynodon dactylon) under semi-arid environments. Provide the links to the scientific article | AH16: https://gemini.google.com/app/c1af78a9d1991ecf | AI16: =$L16*AO$2+$W16*AO$3 -> 0.471 | AJ16: =$L16*AO$2+$W16*AO$3+$AE16*AO$4 -> 0.6835 | AK16: =$L16*AP$2+$W16*AP$3+$AE16*AP$4 -> 0.643 | AL16: =$L16*AQ$2+$W16*AQ$3+$AE16*AQ$4 -> 0.643 | AM16: =$L16*AR$2+$W16*AR$3+$AE16*AR$4 -> 0.661 | AU16: Whistling thorn | AV16: Vachellia drepanolobium | AW16: Mimosoideae | AX16: Acacieae | AZ16: 0.206 | BA16: 0.206 | BC16: =_xlfn.CONCAT("studies which report the ",D16," as ",E16," (",F16,") , and the values reported therein, of ",AU16, " (",AV16, ") under semi-arid environments. If no data for this species exists, please default to tribe ",AW16," and if no data there exists, to the family ",AX16," Provide the links to the scientific article") -> studies which report the biomass fraction of roots at maturity as fraction () , and the values reported therein, of Whistling thorn (Vachellia drepanolobium) under semi-arid environments. If no data for this species exists, please default to tribe Mimosoideae and if no data there exists, to the family Acacieae Provide the links to the scientific article | BG16: indigofera | BH16: Indigofera voharamensis, indigofera volkensii | BJ16: 0.11 | BK16: 0.27 | BM16: =_xlfn.CONCAT("studies which report the ",D16," as ",E16," (",F16,") , and the values reported therein of ",BG16," genus vegetation (e.g. ",BH16," ). Provide the links to the scientific article") -> studies which report the biomass fraction of roots at maturity as fraction () , and the values reported therein of indigofera genus vegetation (e.g. Indigofera voharamensis, indigofera volkensii ). Provide the links to the scientific article | BN16: https://gemini.google.com/app/06a64c7fdb070ffb | BO16: https://www.researchgate.net/publication/233455090_Influence_of_moisture_stress_on_growth_dry_matter_yield_and_allocation_water_use_and_water-use_efficiency_of_four_Indigofera_species | BQ16: tephrosia | BR16: tephrosia elata | BX16: =_xlfn.CONCAT("studies which report the ",D16," as ",E16," (",F16,") , and the values reported therein of ",BQ16," genus vegetation (e.g. ",BR16," ). Provide the links to the scientific article") -> studies which report the biomass fraction of roots at maturity as fraction () , and the values reported therein of tephrosia genus vegetation (e.g. tephrosia elata ). Provide the links to the scientific article | CB16: =$BL16*CG$2+$BW16*CG$3 -> 0 | CC16: =$BL16*CH$2+$BW16*CH$3 -> 0 | CD16: =$BL16*CI$2+$BW16*CI$3 -> 0 | CE16: =$BL16*CJ$2+$BW16*CJ$3 -> 0
A17: FRACTION_FRUIT | C17: Biomass proportions | D17: Biomass fraction of fruit at maturity. | E17: fraction | J17: 0 | K17: 0 | L17: =J17+(K17-J17)*0.5 -> 0 | M17: =M16 -> Cenchrus grass species | N17: =N16 -> Cenchrus ciliaris, Cenchrus purpureus, Cenchrus setiger, Cenchrus setaceus, Cenchrus biflorus, Cenchrus Mezianus | O17: =_xlfn.CONCAT("studies which report the ",D17," as ",E17," (",F17,") , and the values reported therein, of ",M17, " (",N17, ") under semi-arid environments. Provide the links to the scientific article") -> studies which report the Biomass fraction of fruit at maturity. as fraction () , and the values reported therein, of Cenchrus grass species (Cenchrus ciliaris, Cenchrus purpureus, Cenchrus setiger, Cenchrus setaceus, Cenchrus biflorus, Cenchrus Mezianus ) under semi-arid environments. Provide the links to the scientific article | S17: red oat grass | T17: Themeda triandra | W17: =(V17-U17)/2+U17 -> 0 | X17: =_xlfn.CONCAT("studies which report the ",D17," as ",E17," (",F17,") , and the values reported therein, of ",S17, " (",T17, ") under semi-arid environments. Provide the links to the scientific article") -> studies which report the Biomass fraction of fruit at maturity. as fraction () , and the values reported therein, of red oat grass (Themeda triandra) under semi-arid environments. Provide the links to the scientific article | AA17: bermuda grass | AB17: cynodon dactylon | AF17: =_xlfn.CONCAT("studies which report the ",D17," as ",E17," (",F17,") , and the values reported therein, of ",AA17, " (",AB17, ") under semi-arid environments. Provide the links to the scientific article") -> studies which report the Biomass fraction of fruit at maturity. as fraction () , and the values reported therein, of bermuda grass (cynodon dactylon) under semi-arid environments. Provide the links to the scientific article | AI17: =$L17*AO$2+$W17*AO$3 -> 0 | AJ17: =$L17*AO$2+$W17*AO$3+$AE17*AO$4 -> 0 | AK17: =$L17*AP$2+$W17*AP$3+$AE17*AP$4 -> 0 | AL17: =$L17*AQ$2+$W17*AQ$3+$AE17*AQ$4 -> 0 | AM17: =$L17*AR$2+$W17*AR$3+$AE17*AR$4 -> 0 | AU17: Whistling thorn | AV17: Vachellia drepanolobium | AW17: Mimosoideae | AX17: Acacieae | BC17: =_xlfn.CONCAT("studies which report the ",D17," as ",E17," (",F17,") , and the values reported therein, of ",ABX17, " (",AV17, ") under semi-arid environments. Provide the links to the scientific article") -> studies which report the Biomass fraction of fruit at maturity. as fraction () , and the values reported therein, of (Vachellia drepanolobium) under semi-arid environments. Provide the links to the scientific article | BG17: indigofera | BH17: Indigofera voharamensis, indigofera volkensii | BM17: =_xlfn.CONCAT("studies which report the ",D17," as ",E17," (",F17,") , and the values reported therein of ",BG17," genus vegetation (e.g. ",BH17," ). Provide the links to the scientific article") -> studies which report the Biomass fraction of fruit at maturity. as fraction () , and the values reported therein of indigofera genus vegetation (e.g. Indigofera voharamensis, indigofera volkensii ). Provide the links to the scientific article | BQ17: tephrosia | BR17: tephrosia elata | BX17: =_xlfn.CONCAT("studies which report the ",D17," as ",E17," (",F17,") , and the values reported therein of ",BQ17," genus vegetation (e.g. ",BR17," ). Provide the links to the scientific article") -> studies which report the Biomass fraction of fruit at maturity. as fraction () , and the values reported therein of tephrosia genus vegetation (e.g. tephrosia elata ). Provide the links to the scientific article | CB17: =$BL17*CG$2+$BW17*CG$3 -> 0 | CC17: =$BL17*CH$2+$BW17*CH$3 -> 0 | CD17: =$BL17*CI$2+$BW17*CI$3 -> 0 | CE17: =$BL17*CJ$2+$BW17*CJ$3 -> 0
A18: FOLRELGROMAX | D18: Maximum relative growth rate for foliage | E18: fraction | L18: =J18+(K18-J18)*0.5 -> 0 | M18: =M17 -> Cenchrus grass species | N18: =N17 -> Cenchrus ciliaris, Cenchrus purpureus, Cenchrus setiger, Cenchrus setaceus, Cenchrus biflorus, Cenchrus Mezianus | O18: =_xlfn.CONCAT("studies which report the ",D18," as ",E18," (",F18,") , and the values reported therein, of ",M18, " (",N18, ") under semi-arid environments. Provide the links to the scientific article") -> studies which report the Maximum relative growth rate for foliage as fraction () , and the values reported therein, of Cenchrus grass species (Cenchrus ciliaris, Cenchrus purpureus, Cenchrus setiger, Cenchrus setaceus, Cenchrus biflorus, Cenchrus Mezianus ) under semi-arid environments. Provide the links to the scientific article | S18: red oat grass | T18: Themeda triandra | W18: =(V18-U18)/2+U18 -> 0 | X18: =_xlfn.CONCAT("studies which report the ",D18," as ",E18," (",F18,") , and the values reported therein, of ",S18, " (",T18, ") under semi-arid environments. Provide the links to the scientific article") -> studies which report the Maximum relative growth rate for foliage as fraction () , and the values reported therein, of red oat grass (Themeda triandra) under semi-arid environments. Provide the links to the scientific article | AA18: bermuda grass | AB18: cynodon dactylon | AF18: =_xlfn.CONCAT("studies which report the ",D18," as ",E18," (",F18,") , and the values reported therein, of ",AA18, " (",AB18, ") under semi-arid environments. Provide the links to the scientific article") -> studies which report the Maximum relative growth rate for foliage as fraction () , and the values reported therein, of bermuda grass (cynodon dactylon) under semi-arid environments. Provide the links to the scientific article | AH18: https://gemini.google.com/app/f4df76a6bf5c90fc | AI18: =$L18*AO$2+$W18*AO$3 -> 0 | AJ18: =$L18*AO$2+$W18*AO$3+$AE18*AO$4 -> 0 | AK18: =$L18*AP$2+$W18*AP$3+$AE18*AP$4 -> 0 | AL18: =$L18*AQ$2+$W18*AQ$3+$AE18*AQ$4 -> 0 | AM18: =$L18*AR$2+$W18*AR$3+$AE18*AR$4 -> 0 | AU18: Whistling thorn | AV18: Vachellia drepanolobium | AW18: Mimosoideae | AX18: Acacieae | BC18: =_xlfn.CONCAT("studies which report the ",D18," as ",E18," (",F18,") , and the values reported therein, of ",ABX18, " (",AV18, ") under semi-arid environments. Provide the links to the scientific article") -> studies which report the Maximum relative growth rate for foliage as fraction () , and the values reported therein, of (Vachellia drepanolobium) under semi-arid environments. Provide the links to the scientific article | BG18: indigofera | BH18: Indigofera voharamensis, indigofera volkensii | BM18: =_xlfn.CONCAT("studies which report the ",D18," as ",E18," (",F18,") , and the values reported therein of ",BG18," genus vegetation (e.g. ",BH18," ). Provide the links to the scientific article") -> studies which report the Maximum relative growth rate for foliage as fraction () , and the values reported therein of indigofera genus vegetation (e.g. Indigofera voharamensis, indigofera volkensii ). Provide the links to the scientific article | BQ18: tephrosia | BR18: tephrosia elata | BX18: =_xlfn.CONCAT("studies which report the ",D18," as ",E18," (",F18,") , and the values reported therein of ",BQ18," genus vegetation (e.g. ",BR18," ). Provide the links to the scientific article") -> studies which report the Maximum relative growth rate for foliage as fraction () , and the values reported therein of tephrosia genus vegetation (e.g. tephrosia elata ). Provide the links to the scientific article | CB18: =$BL18*CG$2+$BW18*CG$3 -> 0 | CC18: =$BL18*CH$2+$BW18*CH$3 -> 0 | CD18: =$BL18*CI$2+$BW18*CI$3 -> 0 | CE18: =$BL18*CJ$2+$BW18*CJ$3 -> 0
A19: MFOLOPT | D19: Foliage biomass under optimal, closed canopy condition (kg m-2) | E19: kg per square meter | F19: kg m^-2 | I19: =1.35*0.35 -> 0.4725 | J19: =0.6*0.25 -> 0.15 | K19: =2.1*0.25 -> 0.525 | L19: =J19+(K19-J19)*0.5 -> 0.3375 | M19: =M18 -> Cenchrus grass species | N19: =N18 -> Cenchrus ciliaris, Cenchrus purpureus, Cenchrus setiger, Cenchrus setaceus, Cenchrus biflorus, Cenchrus Mezianus | O19: =_xlfn.CONCAT("studies which report the ",D19," as ",E19," (",F19,") , and the values reported therein, of ",M19, " (",N19, ") under semi-arid environments. Provide the links to the scientific article") -> studies which report the Foliage biomass under optimal, closed canopy condition (kg m-2) as kg per square meter (kg m^-2) , and the values reported therein, of Cenchrus grass species (Cenchrus ciliaris, Cenchrus purpureus, Cenchrus setiger, Cenchrus setaceus, Cenchrus biflorus, Cenchrus Mezianus ) under semi-arid environments. Provide the links to the scientific article | S19: red oat grass | T19: Themeda triandra | U19: 0.15 | V19: 0.65 | W19: =(V19-U19)/2+U19 -> 0.4 | X19: =_xlfn.CONCAT("studies which report the ",D19," as ",E19," (",F19,") , and the values reported therein, of ",S19, " (",T19, ") under semi-arid environments. Provide the links to the scientific article") -> studies which report the Foliage biomass under optimal, closed canopy condition (kg m-2) as kg per square meter (kg m^-2) , and the values reported therein, of red oat grass (Themeda triandra) under semi-arid environments. Provide the links to the scientific article | Y19: https://www.fao.org/4/x5491e/x5491e0t.htmand University of Nairobi. (n.d.). Primary Production of a Grassland in Nairobi National Park, Kenya. https://erepository.uonbi.ac.ke/bitstream/handle/11295/73119/Full%20Text.pdf | Z19: https://gemini.google.com/app/8e7f22ebecab03ea | AA19: bermuda grass | AB19: cynodon dactylon | AC19: 1.26 | AD19: 1.62 | AE19: 1.45 | AF19: =_xlfn.CONCAT("studies which report the ",D19," as ",E19," (",F19,") , and the values reported therein, of ",AA19, " (",AB19, ") under semi-arid environments. Provide the links to the scientific article") -> studies which report the Foliage biomass under optimal, closed canopy condition (kg m-2) as kg per square meter (kg m^-2) , and the values reported therein, of bermuda grass (cynodon dactylon) under semi-arid environments. Provide the links to the scientific article | AH19: https://gemini.google.com/app/d2321b563aca158e | AI19: =$L19*AO$2+$W19*AO$3 -> 0.28125 | AJ19: =$L19*AO$2+$W19*AO$3+$AE19*AO$4 -> 0.64375 | AK19: =$L19*AP$2+$W19*AP$3+$AE19*AP$4 -> 0.48 | AL19: =$L19*AQ$2+$W19*AQ$3+$AE19*AQ$4 -> 0.48 | AM19: =$L19*AR$2+$W19*AR$3+$AE19*AR$4 -> 0.48625 | AU19: Whistling thorn | AV19: Vachellia drepanolobium | AW19: Mimosoideae | AX19: Acacieae | BA19: 0.45 | BC19: =_xlfn.CONCAT("studies which report the ",D19," as ",E19," (",F19,") , and the values reported therein, of ",ABX19, " (",AV19, ") under semi-arid environments. Provide the links to the scientific article") -> studies which report the Foliage biomass under optimal, closed canopy condition (kg m-2) as kg per square meter (kg m^-2) , and the values reported therein, of (Vachellia drepanolobium) under semi-arid environments. Provide the links to the scientific article | BD19: https://gemini.google.com/app/125462ed64a755d9 | BG19: indigofera | BH19: Indigofera voharamensis, indigofera volkensii | BJ19: 0.74 | BK19: 10 | BL19: 5 | BM19: =_xlfn.CONCAT("studies which report the ",D19," as ",E19," (",F19,") , and the values reported therein of ",BG19," genus vegetation (e.g. ",BH19," ). Provide the links to the scientific article") -> studies which report the Foliage biomass under optimal, closed canopy condition (kg m-2) as kg per square meter (kg m^-2) , and the values reported therein of indigofera genus vegetation (e.g. Indigofera voharamensis, indigofera volkensii ). Provide the links to the scientific article | BO19: https://gemini.google.com/app/8c8fb42277c1ea2f | BQ19: tephrosia | BR19: tephrosia elata | BU19: 1.4 | BV19: 4 | BW19: 2 | BX19: =_xlfn.CONCAT("studies which report the ",D19," as ",E19," (",F19,") , and the values reported therein of ",BQ19," genus vegetation (e.g. ",BR19," ). Provide the links to the scientific article") -> studies which report the Foliage biomass under optimal, closed canopy condition (kg m-2) as kg per square meter (kg m^-2) , and the values reported therein of tephrosia genus vegetation (e.g. tephrosia elata ). Provide the links to the scientific article | BZ19: https://gemini.google.com/app/46393c30f28624ba | CB19: =$BL19*CG$2+$BW19*CG$3 -> 3.2 | CC19: =$BL19*CH$2+$BW19*CH$3 -> 3.5 | CD19: =$BL19*CI$2+$BW19*CI$3 -> 3.8 | CE19: =$BL19*CJ$2+$BW19*CJ$3 -> 4.1
A20: WUECMAX | C20: Water use | D20: Maximum instantaneous water use efficiency | E20: milligrams of carbon dioxide per gram of water | F20: mg CO2 g^-1 H2O | J20: 5 | K20: 19.5 | L20: =J20+(K20-J20)*0.5 -> 12.25 | M20: =M19 -> Cenchrus grass species | N20: =N19 -> Cenchrus ciliaris, Cenchrus purpureus, Cenchrus setiger, Cenchrus setaceus, Cenchrus biflorus, Cenchrus Mezianus | O20: =_xlfn.CONCAT("studies which report the ",D20," as ",E20," (",F20,") , and the values reported therein, of ",M20, " (",N20, ") under semi-arid environments. Provide the links to the scientific article") -> studies which report the Maximum instantaneous water use efficiency as milligrams of carbon dioxide per gram of water (mg CO2 g^-1 H2O) , and the values reported therein, of Cenchrus grass species (Cenchrus ciliaris, Cenchrus purpureus, Cenchrus setiger, Cenchrus setaceus, Cenchrus biflorus, Cenchrus Mezianus ) under semi-arid environments. Provide the links to the scientific article | Q20: https://gemini.google.com/app/c7066ed2c53b6e7c | S20: red oat grass | T20: Themeda triandra | W20: 6.71 | X20: =_xlfn.CONCAT("studies which report the ",D20," as ",E20," (",F20,") , and the values reported therein, of ",S20, " (",T20, ") under semi-arid environments. Provide the links to the scientific article") -> studies which report the Maximum instantaneous water use efficiency as milligrams of carbon dioxide per gram of water (mg CO2 g^-1 H2O) , and the values reported therein, of red oat grass (Themeda triandra) under semi-arid environments. Provide the links to the scientific article | Y20: Van Rensburg, W. L. J. (2002). Index values and Gaussian models for the water-use efficiency of the 04 grasses Themeda triandra Forsk. University of the Free State. https://www.researchgate.net/scientific-contributions/W-L-J-Van-Rensburg-2002356944 | Z20: https://gemini.google.com/app/63660f38e1e24e65 | AA20: bermuda grass | AB20: cynodon dactylon | AC20: 25.9 | AD20: 25.9 | AE20: 25.9 | AF20: =_xlfn.CONCAT("studies which report the ",D20," as ",E20," (",F20,") , and the values reported therein, of ",AA20, " (",AB20, ") under semi-arid environments. Provide the links to the scientific article") -> studies which report the Maximum instantaneous water use efficiency as milligrams of carbon dioxide per gram of water (mg CO2 g^-1 H2O) , and the values reported therein, of bermuda grass (cynodon dactylon) under semi-arid environments. Provide the links to the scientific article | AH20: https://gemini.google.com/app/25564ef45a018cb5 | AI20: =$L20*AO$2+$W20*AO$3 -> 6.6945 | AJ20: =$L20*AO$2+$W20*AO$3+$AE20*AO$4 -> 13.1695 | AK20: =$L20*AP$2+$W20*AP$3+$AE20*AP$4 -> 10.845 | AL20: =$L20*AQ$2+$W20*AQ$3+$AE20*AQ$4 -> 10.845 | AM20: =$L20*AR$2+$W20*AR$3+$AE20*AR$4 -> 10.291 | AU20: Whistling thorn | AV20: Vachellia drepanolobium | AW20: Mimosoideae | AX20: Acacieae | BC20: =_xlfn.CONCAT("studies which report the ",D20," as ",E20," (",F20,") , and the values reported therein, of ",ABX20, " (",AV20, ") under semi-arid environments. Provide the links to the scientific article") -> studies which report the Maximum instantaneous water use efficiency as milligrams of carbon dioxide per gram of water (mg CO2 g^-1 H2O) , and the values reported therein, of (Vachellia drepanolobium) under semi-arid environments. Provide the links to the scientific article | BG20: indigofera | BH20: Indigofera voharamensis, indigofera volkensii | BM20: =_xlfn.CONCAT("studies which report the ",D20," as ",E20," (",F20,") , and the values reported therein of ",BG20," genus vegetation (e.g. ",BH20," ). Provide the links to the scientific article") -> studies which report the Maximum instantaneous water use efficiency as milligrams of carbon dioxide per gram of water (mg CO2 g^-1 H2O) , and the values reported therein of indigofera genus vegetation (e.g. Indigofera voharamensis, indigofera volkensii ). Provide the links to the scientific article | BN20: LDNC defalt | BQ20: tephrosia | BR20: tephrosia elata | BX20: =_xlfn.CONCAT("studies which report the ",D20," as ",E20," (",F20,") , and the values reported therein of ",BQ20," genus vegetation (e.g. ",BR20," ). Provide the links to the scientific article") -> studies which report the Maximum instantaneous water use efficiency as milligrams of carbon dioxide per gram of water (mg CO2 g^-1 H2O) , and the values reported therein of tephrosia genus vegetation (e.g. tephrosia elata ). Provide the links to the scientific article | BY20: LDNDC default | CB20: =$BL20*CG$2+$BW20*CG$3 -> 0 | CC20: =$BL20*CH$2+$BW20*CH$3 -> 0 | CD20: =$BL20*CI$2+$BW20*CI$3 -> 0 | CE20: =$BL20*CJ$2+$BW20*CJ$3 -> 0
A21: WUECMIN | C21: Water use | D21: minimum instantaneous water use efficiency | E21: milligrams of carbon dioxide per gram of water | F21: mg CO2 g^-1 H2O | J21: 3.5 | K21: 3.87 | L21: =J21+(K21-J21)*0.5 -> 3.685 | M21: =M20 -> Cenchrus grass species | N21: =N20 -> Cenchrus ciliaris, Cenchrus purpureus, Cenchrus setiger, Cenchrus setaceus, Cenchrus biflorus, Cenchrus Mezianus | O21: =_xlfn.CONCAT("studies which report the ",D21," as ",E21," (",F21,") , and the values reported therein, of ",M21, " (",N21, ") under semi-arid environments. Provide the links to the scientific article") -> studies which report the minimum instantaneous water use efficiency as milligrams of carbon dioxide per gram of water (mg CO2 g^-1 H2O) , and the values reported therein, of Cenchrus grass species (Cenchrus ciliaris, Cenchrus purpureus, Cenchrus setiger, Cenchrus setaceus, Cenchrus biflorus, Cenchrus Mezianus ) under semi-arid environments. Provide the links to the scientific article | Q21: https://gemini.google.com/app/c7066ed2c53b6e7c | S21: red oat grass | T21: Themeda triandra | U21: 2.8 | V21: 3.5 | W21: 3.6 | X21: =_xlfn.CONCAT("studies which report the ",D21," as ",E21," (",F21,") , and the values reported therein, of ",S21, " (",T21, ") under semi-arid environments. Provide the links to the scientific article") -> studies which report the minimum instantaneous water use efficiency as milligrams of carbon dioxide per gram of water (mg CO2 g^-1 H2O) , and the values reported therein, of red oat grass (Themeda triandra) under semi-arid environments. Provide the links to the scientific article | Z21: https://gemini.google.com/app/566e13247b64da49 | AA21: bermuda grass | AB21: cynodon dactylon | AF21: =_xlfn.CONCAT("studies which report the ",D21," as ",E21," (",F21,") , and the values reported therein, of ",AA21, " (",AB21, ") under semi-arid environments. Provide the links to the scientific article") -> studies which report the minimum instantaneous water use efficiency as milligrams of carbon dioxide per gram of water (mg CO2 g^-1 H2O) , and the values reported therein, of bermuda grass (cynodon dactylon) under semi-arid environments. Provide the links to the scientific article | AI21: =$L21*AO$2+$W21*AO$3 -> 2.7255 | AJ21: =$L21*AO$2+$W21*AO$3+$AE21*AO$4 -> 2.7255 | AK21: =$L21*AP$2+$W21*AP$3+$AE21*AP$4 -> 3.274 | AL21: =$L21*AQ$2+$W21*AQ$3+$AE21*AQ$4 -> 3.274 | AM21: =$L21*AR$2+$W21*AR$3+$AE21*AR$4 -> 3.2655 | AU21: Whistling thorn | AV21: Vachellia drepanolobium | AW21: Mimosoideae | AX21: Acacieae | BC21: =_xlfn.CONCAT("studies which report the ",D21," as ",E21," (",F21,") , and the values reported therein, of ",ABX21, " (",AV21, ") under semi-arid environments. Provide the links to the scientific article") -> studies which report the minimum instantaneous water use efficiency as milligrams of carbon dioxide per gram of water (mg CO2 g^-1 H2O) , and the values reported therein, of (Vachellia drepanolobium) under semi-arid environments. Provide the links to the scientific article | BG21: indigofera | BH21: Indigofera voharamensis, indigofera volkensii | BM21: =_xlfn.CONCAT("studies which report the ",D21," as ",E21," (",F21,") , and the values reported therein of ",BG21," genus vegetation (e.g. ",BH21," ). Provide the links to the scientific article") -> studies which report the minimum instantaneous water use efficiency as milligrams of carbon dioxide per gram of water (mg CO2 g^-1 H2O) , and the values reported therein of indigofera genus vegetation (e.g. Indigofera voharamensis, indigofera volkensii ). Provide the links to the scientific article | BN21: LDNC defalt | BQ21: tephrosia | BR21: tephrosia elata | BX21: =_xlfn.CONCAT("studies which report the ",D21," as ",E21," (",F21,") , and the values reported therein of ",BQ21," genus vegetation (e.g. ",BR21," ). Provide the links to the scientific article") -> studies which report the minimum instantaneous water use efficiency as milligrams of carbon dioxide per gram of water (mg CO2 g^-1 H2O) , and the values reported therein of tephrosia genus vegetation (e.g. tephrosia elata ). Provide the links to the scientific article | BY21: LDNDC default | CB21: =$BL21*CG$2+$BW21*CG$3 -> 0 | CC21: =$BL21*CH$2+$BW21*CH$3 -> 0 | CD21: =$BL21*CI$2+$BW21*CI$3 -> 0 | CE21: =$BL21*CJ$2+$BW21*CJ$3 -> 0
A22: H2OREF_A | C22: Water use | D22: relative available soil water content at which drought affects photosynthesis activity | E22: a fraction | I22: 0.3 | J22: 0.25 | K22: 0.35 | L22: =J22+(K22-J22)*0.5 -> 0.3 | M22: =M21 -> Cenchrus grass species | N22: =N21 -> Cenchrus ciliaris, Cenchrus purpureus, Cenchrus setiger, Cenchrus setaceus, Cenchrus biflorus, Cenchrus Mezianus | O22: =_xlfn.CONCAT("studies which report the ",D22," as ",E22," (",F22,") , and the values reported therein, of ",M22, " (",N22, ") under semi-arid environments. Provide the links to the scientific article") -> studies which report the relative available soil water content at which drought affects photosynthesis activity as a fraction () , and the values reported therein, of Cenchrus grass species (Cenchrus ciliaris, Cenchrus purpureus, Cenchrus setiger, Cenchrus setaceus, Cenchrus biflorus, Cenchrus Mezianus ) under semi-arid environments. Provide the links to the scientific article | Q22: https://gemini.google.com/app/c7066ed2c53b6e7c | S22: red oat grass | T22: Themeda triandra | W22: 0.4 | X22: =_xlfn.CONCAT("studies which report the ",D22," as ",E22," (",F22,") , and the values reported therein, of ",S22, " (",T22, ") under semi-arid environments. Provide the links to the scientific article") -> studies which report the relative available soil water content at which drought affects photosynthesis activity as a fraction () , and the values reported therein, of red oat grass (Themeda triandra) under semi-arid environments. Provide the links to the scientific article | Y22: Sadras, V. O., & Milroy, S. P. (1996). Soil-water thresholds for the responses of leaf expansion and gas exchange: A review. Field Crops Research, 47(2-3), 113-127. | Z22: https://gemini.google.com/app/7971f1e62f57f59f | AA22: bermuda grass | AB22: cynodon dactylon | AC22: 0.3 | AD22: 0.3 | AE22: 0.3 | AF22: =_xlfn.CONCAT("studies which report the ",D22," as ",E22," (",F22,") , and the values reported therein, of ",AA22, " (",AB22, ") under semi-arid environments. Provide the links to the scientific article") -> studies which report the relative available soil water content at which drought affects photosynthesis activity as a fraction () , and the values reported therein, of bermuda grass (cynodon dactylon) under semi-arid environments. Provide the links to the scientific article | AH22: https://gemini.google.com/app/ffadd991daa721ad | AI22: =$L22*AO$2+$W22*AO$3 -> 0.27 | AJ22: =$L22*AO$2+$W22*AO$3+$AE22*AO$4 -> 0.345 | AK22: =$L22*AP$2+$W22*AP$3+$AE22*AP$4 -> 0.35 | AL22: =$L22*AQ$2+$W22*AQ$3+$AE22*AQ$4 -> 0.35 | AM22: =$L22*AR$2+$W22*AR$3+$AE22*AR$4 -> 0.36 | AU22: Whistling thorn | AV22: Vachellia drepanolobium | AW22: Mimosoideae | AX22: Acacieae | BC22: =_xlfn.CONCAT("studies which report the ",D22," as ",E22," (",F22,") , and the values reported therein, of ",ABX22, " (",AV22, ") under semi-arid environments. Provide the links to the scientific article") -> studies which report the relative available soil water content at which drought affects photosynthesis activity as a fraction () , and the values reported therein, of (Vachellia drepanolobium) under semi-arid environments. Provide the links to the scientific article | BG22: indigofera | BH22: Indigofera voharamensis, indigofera volkensii | BJ22: 0.1 | BK22: 0.1 | BL22: 0.1 | BM22: =_xlfn.CONCAT("studies which report the ",D22," as ",E22," (",F22,") , and the values reported therein of ",BG22," genus vegetation (e.g. ",BH22," ). Provide the links to the scientific article") -> studies which report the relative available soil water content at which drought affects photosynthesis activity as a fraction () , and the values reported therein of indigofera genus vegetation (e.g. Indigofera voharamensis, indigofera volkensii ). Provide the links to the scientific article | BO22: https://gemini.google.com/app/bc37a3758bc91047 | BQ22: tephrosia | BR22: tephrosia elata | BU22: 0.4 | BV22: 0.4 | BW22: 0.4 | BX22: =_xlfn.CONCAT("studies which report the ",D22," as ",E22," (",F22,") , and the values reported therein of ",BQ22," genus vegetation (e.g. ",BR22," ). Provide the links to the scientific article") -> studies which report the relative available soil water content at which drought affects photosynthesis activity as a fraction () , and the values reported therein of tephrosia genus vegetation (e.g. tephrosia elata ). Provide the links to the scientific article | BZ22: https://gemini.google.com/app/bc37a3758bc91047 | CB22: =$BL22*CG$2+$BW22*CG$3 -> 0.28 | CC22: =$BL22*CH$2+$BW22*CH$3 -> 0.25 | CD22: =$BL22*CI$2+$BW22*CI$3 -> 0.22 | CE22: =$BL22*CJ$2+$BW22*CJ$3 -> 0.19
A23: H2OREF_FLUSHING | D23: Relative available soil water content below which flushing is affected by water availability | E23: a fraction | J23: 0.3 | K23: 0.4 | L23: =J23+(K23-J23)*0.5 -> 0.35 | M23: =M22 -> Cenchrus grass species | O23: =_xlfn.CONCAT("studies which report the ",D23," as ",E23," (",F23,") , and the values reported therein, of ",M23, " (",N23, ") under semi-arid environments. Provide the links to the scientific article") -> studies which report the Relative available soil water content below which flushing is affected by water availability as a fraction () , and the values reported therein, of Cenchrus grass species () under semi-arid environments. Provide the links to the scientific article | Q23: https://gemini.google.com/app/7e166b6971e8ad52 | S23: red oat grass | T23: Themeda triandra | U23: 0.05 | V23: 0.2 | W23: 0.15 | X23: =_xlfn.CONCAT("studies which report the ",D23," as ",E23," (",F23,") , and the values reported therein, of ",S23, " (",T23, ") under semi-arid environments. Provide the links to the scientific article") -> studies which report the Relative available soil water content below which flushing is affected by water availability as a fraction () , and the values reported therein, of red oat grass (Themeda triandra) under semi-arid environments. Provide the links to the scientific article | Z23: https://gemini.google.com/app/823ff50b7d51906c | AA23: bermuda grass | AB23: cynodon dactylon | AF23: =_xlfn.CONCAT("studies which report the ",D23," as ",E23," (",F23,") , and the values reported therein, of ",AA23, " (",AB23, ") under semi-arid environments. Provide the links to the scientific article") -> studies which report the Relative available soil water content below which flushing is affected by water availability as a fraction () , and the values reported therein, of bermuda grass (cynodon dactylon) under semi-arid environments. Provide the links to the scientific article | AI23: =$L23*AO$2+$W23*AO$3 -> 0.1725 | AJ23: =$L23*AO$2+$W23*AO$3+$AE23*AO$4 -> 0.1725 | AK23: =$L23*AP$2+$W23*AP$3+$AE23*AP$4 -> 0.215 | AL23: =$L23*AQ$2+$W23*AQ$3+$AE23*AQ$4 -> 0.215 | AM23: =$L23*AR$2+$W23*AR$3+$AE23*AR$4 -> 0.195 | AU23: Whistling thorn | AV23: Vachellia drepanolobium | AW23: Mimosoideae | AX23: Acacieae | BG23: indigofera | BH23: Indigofera voharamensis, indigofera volkensii | BM23: =_xlfn.CONCAT("studies which report the ",D23," as ",E23," (",F23,") , and the values reported therein of ",BG23," genus vegetation (e.g. ",BH23," ). Provide the links to the scientific article") -> studies which report the Relative available soil water content below which flushing is affected by water availability as a fraction () , and the values reported therein of indigofera genus vegetation (e.g. Indigofera voharamensis, indigofera volkensii ). Provide the links to the scientific article | BQ23: tephrosia | BR23: tephrosia elata | BX23: =_xlfn.CONCAT("studies which report the ",D23," as ",E23," (",F23,") , and the values reported therein of ",BQ23," genus vegetation (e.g. ",BR23," ). Provide the links to the scientific article") -> studies which report the Relative available soil water content below which flushing is affected by water availability as a fraction () , and the values reported therein of tephrosia genus vegetation (e.g. tephrosia elata ). Provide the links to the scientific article | CB23: =$BL23*CG$2+$BW23*CG$3 -> 0 | CC23: =$BL23*CH$2+$BW23*CH$3 -> 0 | CD23: =$BL23*CI$2+$BW23*CI$3 -> 0 | CE23: =$BL23*CJ$2+$BW23*CJ$3 -> 0
A24: H2OREF_SENESCENCE | C24: Water use | D24: relative available soil water content below which restricted water availability triggers plant senescence | E24: a fraction | I24: 0.2 | J24: 0.25 | K24: 0.3 | L24: =J24+(K24-J24)*0.5 -> 0.275 | M24: =M22 -> Cenchrus grass species | N24: =N22 -> Cenchrus ciliaris, Cenchrus purpureus, Cenchrus setiger, Cenchrus setaceus, Cenchrus biflorus, Cenchrus Mezianus | O24: =_xlfn.CONCAT("studies which report the ",D24," as ",E24," (",F24,") , and the values reported therein, of ",M24, " (",N24, ") under semi-arid environments. Provide the links to the scientific article") -> studies which report the relative available soil water content below which restricted water availability triggers plant senescence as a fraction () , and the values reported therein, of Cenchrus grass species (Cenchrus ciliaris, Cenchrus purpureus, Cenchrus setiger, Cenchrus setaceus, Cenchrus biflorus, Cenchrus Mezianus ) under semi-arid environments. Provide the links to the scientific article | Q24: https://gemini.google.com/app/c7066ed2c53b6e7c | S24: red oat grass | T24: Themeda triandra | U24: 0 | V24: 0 | W24: 0.4 | X24: =_xlfn.CONCAT("studies which report the ",D24," as ",E24," (",F24,") , and the values reported therein, of ",S24, " (",T24, ") under semi-arid environments. Provide the links to the scientific article") -> studies which report the relative available soil water content below which restricted water availability triggers plant senescence as a fraction () , and the values reported therein, of red oat grass (Themeda triandra) under semi-arid environments. Provide the links to the scientific article | Y24: Snyman, H. A. (2002). Short-term response of rangeland botanical composition and productivity to water stress. South African Journal of Range and Forage Science, 19(1), 1-11. | Z24: https://gemini.google.com/app/7773e1b05bcf9349 | AA24: bermuda grass | AB24: cynodon dactylon | AC24: 0.48 | AD24: 0.53 | AF24: =_xlfn.CONCAT("studies which report the ",D24," as ",E24," (",F24,") , and the values reported therein, of ",AA24, " (",AB24, ") under semi-arid environments. Provide the links to the scientific article") -> studies which report the relative available soil water content below which restricted water availability triggers plant senescence as a fraction () , and the values reported therein, of bermuda grass (cynodon dactylon) under semi-arid environments. Provide the links to the scientific article | AH24: https://gemini.google.com/app/60600e248ba3a312 | AI24: =$L24*AO$2+$W24*AO$3 -> 0.2625 | AJ24: =$L24*AO$2+$W24*AO$3+$AE24*AO$4 -> 0.2625 | AK24: =$L24*AP$2+$W24*AP$3+$AE24*AP$4 -> 0.31 | AL24: =$L24*AQ$2+$W24*AQ$3+$AE24*AQ$4 -> 0.31 | AM24: =$L24*AR$2+$W24*AR$3+$AE24*AR$4 -> 0.3225 | AU24: Whistling thorn | AV24: Vachellia drepanolobium | AW24: Mimosoideae | AX24: Acacieae | BC24: =_xlfn.CONCAT("studies which report the ",D24," as ",E24," (",F24,") , and the values reported therein, of ",ABX24, " (",AV24, ") under semi-arid environments. Provide the links to the scientific article") -> studies which report the relative available soil water content below which restricted water availability triggers plant senescence as a fraction () , and the values reported therein, of (Vachellia drepanolobium) under semi-arid environments. Provide the links to the scientific article | BG24: indigofera | BH24: Indigofera voharamensis, indigofera volkensii | BM24: =_xlfn.CONCAT("studies which report the ",D24," as ",E24," (",F24,") , and the values reported therein of ",BG24," genus vegetation (e.g. ",BH24," ). Provide the links to the scientific article") -> studies which report the relative available soil water content below which restricted water availability triggers plant senescence as a fraction () , and the values reported therein of indigofera genus vegetation (e.g. Indigofera voharamensis, indigofera volkensii ). Provide the links to the scientific article | BQ24: tephrosia | BR24: tephrosia elata | BX24: =_xlfn.CONCAT("studies which report the ",D24," as ",E24," (",F24,") , and the values reported therein of ",BQ24," genus vegetation (e.g. ",BR24," ). Provide the links to the scientific article") -> studies which report the relative available soil water content below which restricted water availability triggers plant senescence as a fraction () , and the values reported therein of tephrosia genus vegetation (e.g. tephrosia elata ). Provide the links to the scientific article | CB24: =$BL24*CG$2+$BW24*CG$3 -> 0 | CC24: =$BL24*CH$2+$BW24*CH$3 -> 0 | CD24: =$BL24*CI$2+$BW24*CI$3 -> 0 | CE24: =$BL24*CJ$2+$BW24*CJ$3 -> 0
A25: H2OREF_GS | C25: Water use | D25: relative available soil water content at which stomata are fully closed | E25: a fraction | J25: 0.2 | K25: 0.45 | L25: =J25+(K25-J25)*0.5 -> 0.325 | M25: =M24 -> Cenchrus grass species | N25: =N24 -> Cenchrus ciliaris, Cenchrus purpureus, Cenchrus setiger, Cenchrus setaceus, Cenchrus biflorus, Cenchrus Mezianus | O25: =_xlfn.CONCAT("studies which report the ",D25," as ",E25," (",F25,") , and the values reported therein, of ",M25, " (",N25, ") under semi-arid environments. Provide the links to the scientific article") -> studies which report the relative available soil water content at which stomata are fully closed as a fraction () , and the values reported therein, of Cenchrus grass species (Cenchrus ciliaris, Cenchrus purpureus, Cenchrus setiger, Cenchrus setaceus, Cenchrus biflorus, Cenchrus Mezianus ) under semi-arid environments. Provide the links to the scientific article | S25: red oat grass | T25: Themeda triandra | U25: 0 | V25: 0.1 | W25: 0.1 | X25: =_xlfn.CONCAT("studies which report the ",D25," as ",E25," (",F25,") , and the values reported therein, of ",S25, " (",T25, ") under semi-arid environments. Provide the links to the scientific article") -> studies which report the relative available soil water content at which stomata are fully closed as a fraction () , and the values reported therein, of red oat grass (Themeda triandra) under semi-arid environments. Provide the links to the scientific article | Y25: Link to Article (PDF via INRAE) | Z25: https://gemini.google.com/app/823ff50b7d51906c | AA25: bermuda grass | AB25: cynodon dactylon | AF25: =_xlfn.CONCAT("studies which report the ",D25," as ",E25," (",F25,") , and the values reported therein, of ",AA25, " (",AB25, ") under semi-arid environments. Provide the links to the scientific article") -> studies which report the relative available soil water content at which stomata are fully closed as a fraction () , and the values reported therein, of bermuda grass (cynodon dactylon) under semi-arid environments. Provide the links to the scientific article | AI25: =$L25*AO$2+$W25*AO$3 -> 0.1425 | AJ25: =$L25*AO$2+$W25*AO$3+$AE25*AO$4 -> 0.1425 | AK25: =$L25*AP$2+$W25*AP$3+$AE25*AP$4 -> 0.18 | AL25: =$L25*AQ$2+$W25*AQ$3+$AE25*AQ$4 -> 0.18 | AM25: =$L25*AR$2+$W25*AR$3+$AE25*AR$4 -> 0.1575 | AU25: Whistling thorn | AV25: Vachellia drepanolobium | AW25: Mimosoideae | AX25: Acacieae | BC25: =_xlfn.CONCAT("studies which report the ",D25," as ",E25," (",F25,") , and the values reported therein, of ",ABX25, " (",AV25, ") under semi-arid environments. Provide the links to the scientific article") -> studies which report the relative available soil water content at which stomata are fully closed as a fraction () , and the values reported therein, of (Vachellia drepanolobium) under semi-arid environments. Provide the links to the scientific article | BG25: indigofera | BH25: Indigofera voharamensis, indigofera volkensii | BJ25: 0.15 | BK25: 0.15 | BL25: 0.15 | BM25: =_xlfn.CONCAT("studies which report the ",D25," as ",E25," (",F25,") , and the values reported therein of ",BG25," genus vegetation (e.g. ",BH25," ). Provide the links to the scientific article") -> studies which report the relative available soil water content at which stomata are fully closed as a fraction () , and the values reported therein of indigofera genus vegetation (e.g. Indigofera voharamensis, indigofera volkensii ). Provide the links to the scientific article | BO25: https://gemini.google.com/app/bc37a3758bc91047 | BQ25: tephrosia | BR25: tephrosia elata | BU25: 0.1 | BV25: 0.15 | BW25: 0.15 | BX25: =_xlfn.CONCAT("studies which report the ",D25," as ",E25," (",F25,") , and the values reported therein of ",BQ25," genus vegetation (e.g. ",BR25," ). Provide the links to the scientific article") -> studies which report the relative available soil water content at which stomata are fully closed as a fraction () , and the values reported therein of tephrosia genus vegetation (e.g. tephrosia elata ). Provide the links to the scientific article | BZ25: https://gemini.google.com/app/bc37a3758bc91047 | CB25: =$BL25*CG$2+$BW25*CG$3 -> 0.15 | CC25: =$BL25*CH$2+$BW25*CH$3 -> 0.15 | CD25: =$BL25*CI$2+$BW25*CI$3 -> 0.15 | CE25: =$BL25*CJ$2+$BW25*CJ$3 -> 0.15
A26: H2OREF_LEAF_GROWTH | D26: Relative available soil water content below which leaf growth is affected. | E26: a fraction | J26: 0.6 | K26: 0.8 | L26: =J26+(K26-J26)*0.5 -> 0.7 | M26: =M25 -> Cenchrus grass species | O26: =_xlfn.CONCAT("studies which report the ",D26," as ",E26," (",F26,") , and the values reported therein, of ",M26, " (",N26, ") under semi-arid environments. Provide the links to the scientific article") -> studies which report the Relative available soil water content below which leaf growth is affected. as a fraction () , and the values reported therein, of Cenchrus grass species () under semi-arid environments. Provide the links to the scientific article | Q26: https://gemini.google.com/app/7e166b6971e8ad52 | S26: red oat grass | T26: Themeda triandra | U26: 0.4 | V26: 0.55 | W26: 0.45 | X26: =_xlfn.CONCAT("studies which report the ",D26," as ",E26," (",F26,") , and the values reported therein, of ",S26, " (",T26, ") under semi-arid environments. Provide the links to the scientific article") -> studies which report the Relative available soil water content below which leaf growth is affected. as a fraction () , and the values reported therein, of red oat grass (Themeda triandra) under semi-arid environments. Provide the links to the scientific article | Z26: https://gemini.google.com/app/823ff50b7d51906c | AA26: bermuda grass | AB26: cynodon dactylon | AF26: =_xlfn.CONCAT("studies which report the ",D26," as ",E26," (",F26,") , and the values reported therein, of ",AA26, " (",AB26, ") under semi-arid environments. Provide the links to the scientific article") -> studies which report the Relative available soil water content below which leaf growth is affected. as a fraction () , and the values reported therein, of bermuda grass (cynodon dactylon) under semi-arid environments. Provide the links to the scientific article | AI26: =$L26*AO$2+$W26*AO$3 -> 0.4125 | AJ26: =$L26*AO$2+$W26*AO$3+$AE26*AO$4 -> 0.4125 | AK26: =$L26*AP$2+$W26*AP$3+$AE26*AP$4 -> 0.505 | AL26: =$L26*AQ$2+$W26*AQ$3+$AE26*AQ$4 -> 0.505 | AM26: =$L26*AR$2+$W26*AR$3+$AE26*AR$4 -> 0.48 | AU26: Whistling thorn | AV26: Vachellia drepanolobium | AW26: Mimosoideae | AX26: Acacieae | BG26: indigofera | BH26: Indigofera voharamensis, indigofera volkensii | BM26: =_xlfn.CONCAT("studies which report the ",D26," as ",E26," (",F26,") , and the values reported therein of ",BG26," genus vegetation (e.g. ",BH26," ). Provide the links to the scientific article") -> studies which report the Relative available soil water content below which leaf growth is affected. as a fraction () , and the values reported therein of indigofera genus vegetation (e.g. Indigofera voharamensis, indigofera volkensii ). Provide the links to the scientific article | BQ26: tephrosia | BR26: tephrosia elata | BX26: =_xlfn.CONCAT("studies which report the ",D26," as ",E26," (",F26,") , and the values reported therein of ",BQ26," genus vegetation (e.g. ",BR26," ). Provide the links to the scientific article") -> studies which report the Relative available soil water content below which leaf growth is affected. as a fraction () , and the values reported therein of tephrosia genus vegetation (e.g. tephrosia elata ). Provide the links to the scientific article | CB26: =$BL26*CG$2+$BW26*CG$3 -> 0 | CC26: =$BL26*CH$2+$BW26*CH$3 -> 0 | CD26: =$BL26*CI$2+$BW26*CI$3 -> 0 | CE26: =$BL26*CJ$2+$BW26*CJ$3 -> 0
A27: GSMAX | C27: Water use | D27: maximum stomatal conductivity | E27: millimols of h2o per square meter per second | F27: mmol H₂O m⁻² s⁻¹ | I27: 300 | J27: 60 | K27: 180 | L27: =J27+(K27-J27)*0.5 -> 120 | M27: =M25 -> Cenchrus grass species | N27: =N25 -> Cenchrus ciliaris, Cenchrus purpureus, Cenchrus setiger, Cenchrus setaceus, Cenchrus biflorus, Cenchrus Mezianus | O27: =_xlfn.CONCAT("studies which report the ",D27," as ",E27," (",F27,") , and the values reported therein, of ",M27, " (",N27, ") under semi-arid environments. Provide the links to the scientific article") -> studies which report the maximum stomatal conductivity as millimols of h2o per square meter per second (mmol H₂O m⁻² s⁻¹ ) , and the values reported therein, of Cenchrus grass species (Cenchrus ciliaris, Cenchrus purpureus, Cenchrus setiger, Cenchrus setaceus, Cenchrus biflorus, Cenchrus Mezianus ) under semi-arid environments. Provide the links to the scientific article | Q27: https://gemini.google.com/app/c7066ed2c53b6e7c | S27: red oat grass | T27: Themeda triandra | U27: 150 | V27: 500 | W27: =(V27-U27)/2+U27 -> 325 | X27: =_xlfn.CONCAT("studies which report the ",D27," as ",E27," (",F27,") , and the values reported therein, of ",S27, " (",T27, ") under semi-arid environments. Provide the links to the scientific article") -> studies which report the maximum stomatal conductivity as millimols of h2o per square meter per second (mmol H₂O m⁻² s⁻¹ ) , and the values reported therein, of red oat grass (Themeda triandra) under semi-arid environments. Provide the links to the scientific article | Y27: Ghannoum, O., Conroy, J. P., Driscoll, S. P., Paul, M. J., Foyer, C. H., & Lawlor, D. W. (2003). Non-stomatal limitations are responsible for drought-induced photosynthetic inhibition in C4 grasses. Agriculture, Ecosystems & Environment, 99(1-3), 195–211. Taylor, S. H., Ripley, B. S., Martin, T., De-Wet, B. C., Woodward, F. I., & Osborne, C. P. (2014). Physiological advantages of C4 grasses in the field: a comparative experiment demonstrating the importance of drought. Journal of Experimental Botany, 65(7), 1903–1914. https://doi.org/10.1093/jxb/eru063 | Z27: https://gemini.google.com/app/9552e3de88b8010d | AA27: bermuda grass | AB27: cynodon dactylon | AE27: 270 | AF27: =_xlfn.CONCAT("studies which report the ",D27," as ",E27," (",F27,") , and the values reported therein, of ",AA27, " (",AB27, ") under semi-arid environments. Provide the links to the scientific article") -> studies which report the maximum stomatal conductivity as millimols of h2o per square meter per second (mmol H₂O m⁻² s⁻¹ ) , and the values reported therein, of bermuda grass (cynodon dactylon) under semi-arid environments. Provide the links to the scientific article | AH27: https://gemini.google.com/app/0d34a7f83c58b770 | AI27: =$L27*AO$2+$W27*AO$3 -> 182.25 | AJ27: =$L27*AO$2+$W27*AO$3+$AE27*AO$4 -> 249.75 | AK27: =$L27*AP$2+$W27*AP$3+$AE27*AP$4 -> 237.5 | AL27: =$L27*AQ$2+$W27*AQ$3+$AE27*AQ$4 -> 237.5 | AM27: =$L27*AR$2+$W27*AR$3+$AE27*AR$4 -> 258 | AU27: Whistling thorn | AV27: Vachellia drepanolobium | AW27: Mimosoideae | AX27: Acacieae | BC27: =_xlfn.CONCAT("studies which report the ",D27," as ",E27," (",F27,") , and the values reported therein, of ",ABX27, " (",AV27, ") under semi-arid environments. Provide the links to the scientific article") -> studies which report the maximum stomatal conductivity as millimols of h2o per square meter per second (mmol H₂O m⁻² s⁻¹ ) , and the values reported therein, of (Vachellia drepanolobium) under semi-arid environments. Provide the links to the scientific article | BG27: indigofera | BH27: Indigofera voharamensis, indigofera volkensii | BJ27: 170 | BK27: 500 | BL27: 280 | BM27: =_xlfn.CONCAT("studies which report the ",D27," as ",E27," (",F27,") , and the values reported therein of ",BG27," genus vegetation (e.g. ",BH27," ). Provide the links to the scientific article") -> studies which report the maximum stomatal conductivity as millimols of h2o per square meter per second (mmol H₂O m⁻² s⁻¹ ) , and the values reported therein of indigofera genus vegetation (e.g. Indigofera voharamensis, indigofera volkensii ). Provide the links to the scientific article | BO27: https://gemini.google.com/app/52a91f8d1b86b398 | BQ27: tephrosia | BR27: tephrosia elata | BU27: 250 | BV27: 500 | BW27: 375 | BX27: =_xlfn.CONCAT("studies which report the ",D27," as ",E27," (",F27,") , and the values reported therein of ",BQ27," genus vegetation (e.g. ",BR27," ). Provide the links to the scientific article") -> studies which report the maximum stomatal conductivity as millimols of h2o per square meter per second (mmol H₂O m⁻² s⁻¹ ) , and the values reported therein of tephrosia genus vegetation (e.g. tephrosia elata ). Provide the links to the scientific article | BZ27: https://gemini.google.com/app/52a91f8d1b86b398 | CB27: =$BL27*CG$2+$BW27*CG$3 -> 337 | CC27: =$BL27*CH$2+$BW27*CH$3 -> 327.5 | CD27: =$BL27*CI$2+$BW27*CI$3 -> 318 | CE27: =$BL27*CJ$2+$BW27*CJ$3 -> 308.5
A28: GSMIN | C28: Water use | D28: minimum stomatal conductivity | E28: millimols of h2o per square meter per second | F28: mmol H₂O m⁻² s⁻¹ | I28: 8.1 | J28: 10 | K28: 100 | L28: =J28+(K28-J28)*0.5 -> 55 | M28: =M27 -> Cenchrus grass species | N28: =N27 -> Cenchrus ciliaris, Cenchrus purpureus, Cenchrus setiger, Cenchrus setaceus, Cenchrus biflorus, Cenchrus Mezianus | O28: =_xlfn.CONCAT("studies which report the ",D28," as ",E28," (",F28,") , and the values reported therein, of ",M28, " (",N28, ") under semi-arid environments. Provide the links to the scientific article") -> studies which report the minimum stomatal conductivity as millimols of h2o per square meter per second (mmol H₂O m⁻² s⁻¹ ) , and the values reported therein, of Cenchrus grass species (Cenchrus ciliaris, Cenchrus purpureus, Cenchrus setiger, Cenchrus setaceus, Cenchrus biflorus, Cenchrus Mezianus ) under semi-arid environments. Provide the links to the scientific article | Q28: https://www.google.com/search?q=studies+which+report+the+minimum+stomatal+conductivity++as+millimols+of+h2o+per+square+meter+per+second++%28mmol+H%E2%82%82O+m%E2%81%BB%C2%B2+s%E2%81%BB%C2%B9%C2%A0%29+%2C+and+the+values+reported+therein%2C+of+Cenchrus+grass+species+%28Cenchrus+ciliaris%2C+Cenchrus+purpureus%2C+Cenchrus+setiger%2C+Cenchrus+setaceus%2C+Cenchrus+biflorus%2C+Cenchrus+Mezianus+%29+under+semi-arid+environments.+Please+also+provide+the+link+to+the+scientific+article%0D%0A&sxsrf=ANbL-n66yIWv8FcW79MWWZp8-PIIfab_dQ%3A1771923361229 | S28: red oat grass | T28: Themeda triandra | W28: 120 | X28: =_xlfn.CONCAT("studies which report the ",D28," as ",E28," (",F28,") , and the values reported therein, of ",S28, " (",T28, ") under semi-arid environments. Provide the links to the scientific article") -> studies which report the minimum stomatal conductivity as millimols of h2o per square meter per second (mmol H₂O m⁻² s⁻¹ ) , and the values reported therein, of red oat grass (Themeda triandra) under semi-arid environments. Provide the links to the scientific article | Y28: Taylor (above) | Z28: https://gemini.google.com/app/aad2b10450a6c928 | AA28: bermuda grass | AB28: cynodon dactylon | AC28: 5 | AD28: 20 | AE28: 5 | AF28: =_xlfn.CONCAT("studies which report the ",D28," as ",E28," (",F28,") , and the values reported therein, of ",AA28, " (",AB28, ") under semi-arid environments. Provide the links to the scientific article") -> studies which report the minimum stomatal conductivity as millimols of h2o per square meter per second (mmol H₂O m⁻² s⁻¹ ) , and the values reported therein, of bermuda grass (cynodon dactylon) under semi-arid environments. Provide the links to the scientific article | AH28: https://gemini.google.com/app/042661190faa6928 | AI28: =$L28*AO$2+$W28*AO$3 -> 70.5 | AJ28: =$L28*AO$2+$W28*AO$3+$AE28*AO$4 -> 71.75 | AK28: =$L28*AP$2+$W28*AP$3+$AE28*AP$4 -> 82.5 | AL28: =$L28*AQ$2+$W28*AQ$3+$AE28*AQ$4 -> 82.5 | AM28: =$L28*AR$2+$W28*AR$3+$AE28*AR$4 -> 89 | AU28: Whistling thorn | AV28: Vachellia drepanolobium | AW28: Mimosoideae | AX28: Acacieae | BC28: =_xlfn.CONCAT("studies which report the ",D28," as ",E28," (",F28,") , and the values reported therein, of ",ABX28, " (",AV28, ") under semi-arid environments. Provide the links to the scientific article") -> studies which report the minimum stomatal conductivity as millimols of h2o per square meter per second (mmol H₂O m⁻² s⁻¹ ) , and the values reported therein, of (Vachellia drepanolobium) under semi-arid environments. Provide the links to the scientific article | BG28: indigofera | BH28: Indigofera voharamensis, indigofera volkensii | BJ28: 1 | BK28: 25 | BL28: 1 | BM28: =_xlfn.CONCAT("studies which report the ",D28," as ",E28," (",F28,") , and the values reported therein of ",BG28," genus vegetation (e.g. ",BH28," ). Provide the links to the scientific article") -> studies which report the minimum stomatal conductivity as millimols of h2o per square meter per second (mmol H₂O m⁻² s⁻¹ ) , and the values reported therein of indigofera genus vegetation (e.g. Indigofera voharamensis, indigofera volkensii ). Provide the links to the scientific article | BO28: https://gemini.google.com/app/52a91f8d1b86b398 | BQ28: tephrosia | BR28: tephrosia elata | BU28: 5 | BV28: 32 | BW28: 5 | BX28: =_xlfn.CONCAT("studies which report the ",D28," as ",E28," (",F28,") , and the values reported therein of ",BQ28," genus vegetation (e.g. ",BR28," ). Provide the links to the scientific article") -> studies which report the minimum stomatal conductivity as millimols of h2o per square meter per second (mmol H₂O m⁻² s⁻¹ ) , and the values reported therein of tephrosia genus vegetation (e.g. tephrosia elata ). Provide the links to the scientific article | BZ28: https://gemini.google.com/app/52a91f8d1b86b398 | CB28: =$BL28*CG$2+$BW28*CG$3 -> 3.4 | CC28: =$BL28*CH$2+$BW28*CH$3 -> 3 | CD28: =$BL28*CI$2+$BW28*CI$3 -> 2.6 | CE28: =$BL28*CJ$2+$BW28*CJ$3 -> 2.2
A29: MWFM | C29: Photosynthesis and light interception | D29: Specific interception capacity of foliage | E29: meters per square meter of LAI | F29: m m^-2 LAI | J29: 0.0001 | K29: 0.00022 | L29: =J29+(K29-J29)*0.5 -> 0.00016 | M29: =M28 -> Cenchrus grass species | N29: =N28 -> Cenchrus ciliaris, Cenchrus purpureus, Cenchrus setiger, Cenchrus setaceus, Cenchrus biflorus, Cenchrus Mezianus | O29: =_xlfn.CONCAT("studies which report the ",D29," as ",E29," (",F29,") , and the values reported therein, of ",M29, " (",N29, ") under semi-arid environments. Provide the links to the scientific article") -> studies which report the Specific interception capacity of foliage as meters per square meter of LAI (m m^-2 LAI) , and the values reported therein, of Cenchrus grass species (Cenchrus ciliaris, Cenchrus purpureus, Cenchrus setiger, Cenchrus setaceus, Cenchrus biflorus, Cenchrus Mezianus ) under semi-arid environments. Provide the links to the scientific article | Q29: https://gemini.google.com/app/c7066ed2c53b6e7c | S29: red oat grass | T29: Themeda triandra | W29: 0.0005 | X29: =_xlfn.CONCAT("studies which report the ",D29," as ",E29," (",F29,") , and the values reported therein, of ",S29, " (",T29, ") under semi-arid environments. Provide the links to the scientific article") -> studies which report the Specific interception capacity of foliage as meters per square meter of LAI (m m^-2 LAI) , and the values reported therein, of red oat grass (Themeda triandra) under semi-arid environments. Provide the links to the scientific article | Y29: Snyman, H. A. (2003). Revegetation of bare patches in a semi-arid rangeland of South Africa: an evaluation. Journal of Arid Environments, 54(3), 557-571. https://doi.org/10.1016/S0140-1963(02)00295-1 | Z29: https://gemini.google.com/app/65d67ab27403c0a4 | AA29: bermuda grass | AB29: cynodon dactylon | AC29: 0.0001 | AD29: 0.0002 | AE29: 0.00015 | AF29: =_xlfn.CONCAT("studies which report the ",D29," as ",E29," (",F29,") , and the values reported therein, of ",AA29, " (",AB29, ") under semi-arid environments. Provide the links to the scientific article") -> studies which report the Specific interception capacity of foliage as meters per square meter of LAI (m m^-2 LAI) , and the values reported therein, of bermuda grass (cynodon dactylon) under semi-arid environments. Provide the links to the scientific article | AH29: https://gemini.google.com/app/a46665c0e8ebb8e3 | AI29: =$L29*AO$2+$W29*AO$3 -> 0.000273 | AJ29: =$L29*AO$2+$W29*AO$3+$AE29*AO$4 -> 0.0003105 | AK29: =$L29*AP$2+$W29*AP$3+$AE29*AP$4 -> 0.000329 | AL29: =$L29*AQ$2+$W29*AQ$3+$AE29*AQ$4 -> 0.000329 | AM29: =$L29*AR$2+$W29*AR$3+$AE29*AR$4 -> 0.000363 | AU29: Whistling thorn | AV29: Vachellia drepanolobium | AW29: Mimosoideae | AX29: Acacieae | BC29: =_xlfn.CONCAT("studies which report the ",D29," as ",E29," (",F29,") , and the values reported therein, of ",ABX29, " (",AV29, ") under semi-arid environments. Provide the links to the scientific article") -> studies which report the Specific interception capacity of foliage as meters per square meter of LAI (m m^-2 LAI) , and the values reported therein, of (Vachellia drepanolobium) under semi-arid environments. Provide the links to the scientific article | BG29: indigofera | BH29: Indigofera voharamensis, indigofera volkensii | BJ29: 0.00015 | BK29: 0.00028 | BL29: =AVERAGE(BJ29:BK29) -> 0.000215 | BM29: =_xlfn.CONCAT("studies which report the ",D29," as ",E29," (",F29,") , and the values reported therein of ",BG29," genus vegetation (e.g. ",BH29," ). Provide the links to the scientific article") -> studies which report the Specific interception capacity of foliage as meters per square meter of LAI (m m^-2 LAI) , and the values reported therein of indigofera genus vegetation (e.g. Indigofera voharamensis, indigofera volkensii ). Provide the links to the scientific article | BO29: https://gemini.google.com/app/52a91f8d1b86b398 | BQ29: tephrosia | BR29: tephrosia elata | BU29: 0.00015 | BV29: 0.00035 | BW29: =AVERAGE(BU29:BV29) -> 0.00025 | BX29: =_xlfn.CONCAT("studies which report the ",D29," as ",E29," (",F29,") , and the values reported therein of ",BQ29," genus vegetation (e.g. ",BR29," ). Provide the links to the scientific article") -> studies which report the Specific interception capacity of foliage as meters per square meter of LAI (m m^-2 LAI) , and the values reported therein of tephrosia genus vegetation (e.g. tephrosia elata ). Provide the links to the scientific article | BZ29: https://gemini.google.com/app/52a91f8d1b86b398 | CB29: =$BL29*CG$2+$BW29*CG$3 -> 0.000236 | CC29: =$BL29*CH$2+$BW29*CH$3 -> 0.0002325 | CD29: =$BL29*CI$2+$BW29*CI$3 -> 0.000229 | CE29: =$BL29*CJ$2+$BW29*CJ$3 -> 0.0002255
A30: AMAXB | C30: maximal net photosynthesis | D30: maximal net photosynthesis | E30: nanomols of CO2 per gram per second | T30: Themeda triandra | X30: =_xlfn.CONCAT("studies which report the ",D30," as ",E30," (",F30,") , and the values reported therein, of ",S30, " (",T30, ") under semi-arid environments. Provide the links to the scientific article") -> studies which report the maximal net photosynthesis as nanomols of CO2 per gram per second () , and the values reported therein, of (Themeda triandra) under semi-arid environments. Provide the links to the scientific article | AA30: bermuda grass | AB30: cynodon dactylon | AF30: =_xlfn.CONCAT("studies which report the ",D30," as ",E30," (",F30,") , and the values reported therein, of ",AA30, " (",AB30, ") under semi-arid environments. Provide the links to the scientific article") -> studies which report the maximal net photosynthesis as nanomols of CO2 per gram per second () , and the values reported therein, of bermuda grass (cynodon dactylon) under semi-arid environments. Provide the links to the scientific article | AI30: =$L30*AO$2+$W30*AO$3 -> 0 | AJ30: =$L30*AO$2+$W30*AO$3+$AE30*AO$4 -> 0 | AK30: =$L30*AP$2+$W30*AP$3+$AE30*AP$4 -> 0 | AL30: =$L30*AQ$2+$W30*AQ$3+$AE30*AQ$4 -> 0 | AM30: =$L30*AR$2+$W30*AR$3+$AE30*AR$4 -> 0 | AU30: Whistling thorn | AV30: Vachellia drepanolobium | AW30: Mimosoideae | AX30: Acacieae | BG30: indigofera | BH30: Indigofera voharamensis, indigofera volkensii | BM30: =_xlfn.CONCAT("studies which report the ",D30," as ",E30," (",F30,") , and the values reported therein of ",BG30," genus vegetation (e.g. ",BH30," ). Provide the links to the scientific article") -> studies which report the maximal net photosynthesis as nanomols of CO2 per gram per second () , and the values reported therein of indigofera genus vegetation (e.g. Indigofera voharamensis, indigofera volkensii ). Provide the links to the scientific article | BQ30: tephrosia | BR30: tephrosia elata | BX30: =_xlfn.CONCAT("studies which report the ",D30," as ",E30," (",F30,") , and the values reported therein of ",BQ30," genus vegetation (e.g. ",BR30," ). Provide the links to the scientific article") -> studies which report the maximal net photosynthesis as nanomols of CO2 per gram per second () , and the values reported therein of tephrosia genus vegetation (e.g. tephrosia elata ). Provide the links to the scientific article | CB30: =$BL30*CG$2+$BW30*CG$3 -> 0 | CC30: =$BL30*CH$2+$BW30*CH$3 -> 0 | CD30: =$BL30*CI$2+$BW30*CI$3 -> 0 | CE30: =$BL30*CJ$2+$BW30*CJ$3 -> 0
A31: SLAMAX | C31: Photosynthesis and light interception | D31: specific leaf area in the shade | E31: square meters per kilogram | F31: m^2 kg^-1 | J31: 14.5 | K31: 22 | L31: =J31+(K31-J31)*0.5 -> 18.25 | M31: =M29 -> Cenchrus grass species | N31: =N29 -> Cenchrus ciliaris, Cenchrus purpureus, Cenchrus setiger, Cenchrus setaceus, Cenchrus biflorus, Cenchrus Mezianus | O31: =_xlfn.CONCAT("studies which report the ",D31," as ",E31," (",F31,") , and the values reported therein, of ",M31, " (",N31, ") under semi-arid environments. Provide the links to the scientific article") -> studies which report the specific leaf area in the shade as square meters per kilogram (m^2 kg^-1) , and the values reported therein, of Cenchrus grass species (Cenchrus ciliaris, Cenchrus purpureus, Cenchrus setiger, Cenchrus setaceus, Cenchrus biflorus, Cenchrus Mezianus ) under semi-arid environments. Provide the links to the scientific article | Q31: https://gemini.google.com/app/c7066ed2c53b6e7c | S31: red oat grass | T31: Themeda triandra | U31: 10 | V31: 25 | W31: =(V31-U31)/2+U31 -> 17.5 | X31: =_xlfn.CONCAT("studies which report the ",D31," as ",E31," (",F31,") , and the values reported therein, of ",S31, " (",T31, ") under semi-arid environments. Provide the links to the scientific article") -> studies which report the specific leaf area in the shade as square meters per kilogram (m^2 kg^-1) , and the values reported therein, of red oat grass (Themeda triandra) under semi-arid environments. Provide the links to the scientific article | Y31: https://canoncollins.ams3.digitaloceanspaces.com/media/2021/08/16104229/Tsitsi_Sithandiwe_Maponga_PhD_1741059.pdf | Z31: https://gemini.google.com/app/bc4f64346bdf2847 | AA31: bermuda grass | AB31: cynodon dactylon | AC31: 25.6 | AD31: 28.6 | AF31: =_xlfn.CONCAT("studies which report the ",D31," as ",E31," (",F31,") , and the values reported therein, of ",AA31, " (",AB31, ") under semi-arid environments. Provide the links to the scientific article") -> studies which report the specific leaf area in the shade as square meters per kilogram (m^2 kg^-1) , and the values reported therein, of bermuda grass (cynodon dactylon) under semi-arid environments. Provide the links to the scientific article | AH31: https://gemini.google.com/app/20d8ef0afc214c30 | AI31: =$L31*AO$2+$W31*AO$3 -> 13.35 | AJ31: =$L31*AO$2+$W31*AO$3+$AE31*AO$4 -> 13.35 | AK31: =$L31*AP$2+$W31*AP$3+$AE31*AP$4 -> 16.05 | AL31: =$L31*AQ$2+$W31*AQ$3+$AE31*AQ$4 -> 16.05 | AM31: =$L31*AR$2+$W31*AR$3+$AE31*AR$4 -> 15.975 | AU31: Whistling thorn | AV31: Vachellia drepanolobium | AW31: Mimosoideae | AX31: Acacieae | BC31: =_xlfn.CONCAT("studies which report the ",D31," as ",E31," (",F31,") , and the values reported therein, of ",ABX31, " (",AV31, ") under semi-arid environments. Provide the links to the scientific article") -> studies which report the specific leaf area in the shade as square meters per kilogram (m^2 kg^-1) , and the values reported therein, of (Vachellia drepanolobium) under semi-arid environments. Provide the links to the scientific article | BG31: indigofera | BH31: Indigofera voharamensis, indigofera volkensii | BJ31: 16.1 | BK31: 32.1 | BL31: 32.1 | BM31: =_xlfn.CONCAT("studies which report the ",D31," as ",E31," (",F31,") , and the values reported therein of ",BG31," genus vegetation (e.g. ",BH31," ). Provide the links to the scientific article") -> studies which report the specific leaf area in the shade as square meters per kilogram (m^2 kg^-1) , and the values reported therein of indigofera genus vegetation (e.g. Indigofera voharamensis, indigofera volkensii ). Provide the links to the scientific article | BO31: https://gemini.google.com/app/52a91f8d1b86b398 | BQ31: tephrosia | BR31: tephrosia elata | BU31: 19.5 | BV31: 29 | BW31: 29 | BX31: =_xlfn.CONCAT("studies which report the ",D31," as ",E31," (",F31,") , and the values reported therein of ",BQ31," genus vegetation (e.g. ",BR31," ). Provide the links to the scientific article") -> studies which report the specific leaf area in the shade as square meters per kilogram (m^2 kg^-1) , and the values reported therein of tephrosia genus vegetation (e.g. tephrosia elata ). Provide the links to the scientific article | CB31: =$BL31*CG$2+$BW31*CG$3 -> 30.24 | CC31: =$BL31*CH$2+$BW31*CH$3 -> 30.55 | CD31: =$BL31*CI$2+$BW31*CI$3 -> 30.86 | CE31: =$BL31*CJ$2+$BW31*CJ$3 -> 31.17
A32: SLAMIN | C32: Photosynthesis and light interception | D32: specific leaf area under full sun | E32: square meters per kilogram | F32: m^2 kg^-1 | J32: 14.5 | K32: 22 | L32: =J32+(K32-J32)*0.5 -> 18.25 | M32: =M31 -> Cenchrus grass species | N32: =N31 -> Cenchrus ciliaris, Cenchrus purpureus, Cenchrus setiger, Cenchrus setaceus, Cenchrus biflorus, Cenchrus Mezianus | O32: =_xlfn.CONCAT("studies which report the ",D32," as ",E32," (",F32,") , and the values reported therein, of ",M32, " (",N32, ") under semi-arid environments. Provide the links to the scientific article") -> studies which report the specific leaf area under full sun as square meters per kilogram (m^2 kg^-1) , and the values reported therein, of Cenchrus grass species (Cenchrus ciliaris, Cenchrus purpureus, Cenchrus setiger, Cenchrus setaceus, Cenchrus biflorus, Cenchrus Mezianus ) under semi-arid environments. Provide the links to the scientific article | Q32: https://gemini.google.com/app/c7066ed2c53b6e7c | S32: red oat grass | T32: Themeda triandra | U32: 8 | V32: 18 | W32: =(V32-U32)/2+U32 -> 13 | X32: =_xlfn.CONCAT("studies which report the ",D32," as ",E32," (",F32,") , and the values reported therein, of ",S32, " (",T32, ") under semi-arid environments. Provide the links to the scientific article") -> studies which report the specific leaf area under full sun as square meters per kilogram (m^2 kg^-1) , and the values reported therein, of red oat grass (Themeda triandra) under semi-arid environments. Provide the links to the scientific article | Y32: Mapfumo, S., et al. (2021). Ranking Species for Veld Restoration in Semi-Arid Regions Using Agronomic, Morphological and Chemical Parameters of Selected Grass Species. Agronomy, 11(1), 52. https://doi.org/10.3390/agronomy11010052 | Z32: https://gemini.google.com/app/c28f742a0beba41e | AA32: bermuda grass | AB32: cynodon dactylon | AC32: 12.33 | AD32: 12.33 | AE32: 12.33 | AF32: =_xlfn.CONCAT("studies which report the ",D32," as ",E32," (",F32,") , and the values reported therein, of ",AA32, " (",AB32, ") under semi-arid environments. Provide the links to the scientific article") -> studies which report the specific leaf area under full sun as square meters per kilogram (m^2 kg^-1) , and the values reported therein, of bermuda grass (cynodon dactylon) under semi-arid environments. Provide the links to the scientific article | AH32: https://gemini.google.com/app/fc8b541a1910863c | AI32: =$L32*AO$2+$W32*AO$3 -> 11.325 | AJ32: =$L32*AO$2+$W32*AO$3+$AE32*AO$4 -> 14.4075 | AK32: =$L32*AP$2+$W32*AP$3+$AE32*AP$4 -> 15.033 | AL32: =$L32*AQ$2+$W32*AQ$3+$AE32*AQ$4 -> 15.033 | AM32: =$L32*AR$2+$W32*AR$3+$AE32*AR$4 -> 14.508 | AU32: Whistling thorn | AV32: Vachellia drepanolobium | AW32: Mimosoideae | AX32: Acacieae | BC32: =_xlfn.CONCAT("studies which report the ",D32," as ",E32," (",F32,") , and the values reported therein, of ",ABX32, " (",AV32, ") under semi-arid environments. Provide the links to the scientific article") -> studies which report the specific leaf area under full sun as square meters per kilogram (m^2 kg^-1) , and the values reported therein, of (Vachellia drepanolobium) under semi-arid environments. Provide the links to the scientific article | BG32: indigofera | BH32: Indigofera voharamensis, indigofera volkensii | BJ32: 5.5 | BK32: 0.5 | BL32: 5.5 | BM32: =_xlfn.CONCAT("studies which report the ",D32," as ",E32," (",F32,") , and the values reported therein of ",BG32," genus vegetation (e.g. ",BH32," ). Provide the links to the scientific article") -> studies which report the specific leaf area under full sun as square meters per kilogram (m^2 kg^-1) , and the values reported therein of indigofera genus vegetation (e.g. Indigofera voharamensis, indigofera volkensii ). Provide the links to the scientific article | BO32: https://gemini.google.com/app/e35837d9300f9a5f | BQ32: tephrosia | BR32: tephrosia elata | BU32: 7.5 | BV32: 14.5 | BW32: 7.5 | BX32: =_xlfn.CONCAT("studies which report the ",D32," as ",E32," (",F32,") , and the values reported therein of ",BQ32," genus vegetation (e.g. ",BR32," ). Provide the links to the scientific article") -> studies which report the specific leaf area under full sun as square meters per kilogram (m^2 kg^-1) , and the values reported therein of tephrosia genus vegetation (e.g. tephrosia elata ). Provide the links to the scientific article | CB32: =$BL32*CG$2+$BW32*CG$3 -> 6.7 | CC32: =$BL32*CH$2+$BW32*CH$3 -> 6.5 | CD32: =$BL32*CI$2+$BW32*CI$3 -> 6.3 | CE32: =$BL32*CJ$2+$BW32*CJ$3 -> 6.1
A33: GDDFOLEND | C33: Phenology | D33: growing degree days to complete foliar production | E33: growing degree days | F33: GDD | L33: =J33+(K33-J33)*0.5 -> 0 | M33: =#REF! -> #REF! | N33: =#REF! -> #REF! | O33: =_xlfn.CONCAT("studies which report the ",D33," as ",E33," (",F33,") , and the values reported therein, of ",M33, " (",N33, ") under semi-arid environments. Provide the links to the scientific article") -> #REF! | S33: red oat grass | T33: Themeda triandra | W33: 408 | X33: =_xlfn.CONCAT("studies which report the ",D33," as ",E33," (",F33,") , and the values reported therein, of ",S33, " (",T33, ") under semi-arid environments. Provide the links to the scientific article") -> studies which report the growing degree days to complete foliar production as growing degree days (GDD) , and the values reported therein, of red oat grass (Themeda triandra) under semi-arid environments. Provide the links to the scientific article | Y33: Snyman, H. A. (2006). Leaf appearance and leaf elongation of Themeda triandra and Digitaria eriantha. African Journal of Range & Forage Science, 23(1), 35-44. | Z33: https://gemini.google.com/app/27f9462a43e23bc5 | AA33: bermuda grass | AB33: cynodon dactylon | AF33: =_xlfn.CONCAT("studies which report the ",D33," as ",E33," (",F33,") , and the values reported therein, of ",AA33, " (",AB33, ") under semi-arid environments. Provide the links to the scientific article") -> studies which report the growing degree days to complete foliar production as growing degree days (GDD) , and the values reported therein, of bermuda grass (cynodon dactylon) under semi-arid environments. Provide the links to the scientific article | AI33: =$L33*AO$2+$W33*AO$3 -> 183.6 | AJ33: =$L33*AO$2+$W33*AO$3+$AE33*AO$4 -> 183.6 | AK33: =$L33*AP$2+$W33*AP$3+$AE33*AP$4 -> 204 | AL33: =$L33*AQ$2+$W33*AQ$3+$AE33*AQ$4 -> 204 | AM33: =$L33*AR$2+$W33*AR$3+$AE33*AR$4 -> 244.8 | AU33: Whistling thorn | AV33: Vachellia drepanolobium | AW33: Mimosoideae | AX33: Acacieae | BC33: =_xlfn.CONCAT("studies which report the ",D33," as ",E33," (",F33,") , and the values reported therein, of ",ABX33, " (",AV33, ") under semi-arid environments. Provide the links to the scientific article") -> studies which report the growing degree days to complete foliar production as growing degree days (GDD) , and the values reported therein, of (Vachellia drepanolobium) under semi-arid environments. Provide the links to the scientific article | BG33: indigofera | BH33: Indigofera voharamensis, indigofera volkensii | BM33: =_xlfn.CONCAT("studies which report the ",D33," as ",E33," (",F33,") , and the values reported therein of ",BG33," genus vegetation (e.g. ",BH33," ). Provide the links to the scientific article") -> studies which report the growing degree days to complete foliar production as growing degree days (GDD) , and the values reported therein of indigofera genus vegetation (e.g. Indigofera voharamensis, indigofera volkensii ). Provide the links to the scientific article | BQ33: tephrosia | BR33: tephrosia elata | BX33: =_xlfn.CONCAT("studies which report the ",D33," as ",E33," (",F33,") , and the values reported therein of ",BQ33," genus vegetation (e.g. ",BR33," ). Provide the links to the scientific article") -> studies which report the growing degree days to complete foliar production as growing degree days (GDD) , and the values reported therein of tephrosia genus vegetation (e.g. tephrosia elata ). Provide the links to the scientific article | CB33: =$BL33*CG$2+$BW33*CG$3 -> 0 | CC33: =$BL33*CH$2+$BW33*CH$3 -> 0 | CD33: =$BL33*CI$2+$BW33*CI$3 -> 0 | CE33: =$BL33*CJ$2+$BW33*CJ$3 -> 0
A34: GDDFOLSTART | C34: Phenology | D34: minimum temperature sum for foliage activity onset | E34: growing degree days | F34: GDD | J34: 50 | K34: 70 | L34: =J34+(K34-J34)*0.5 -> 60 | M34: =M33 -> #REF! | N34: =N33 -> #REF! | O34: =_xlfn.CONCAT("studies which report the ",D34," as ",E34," (",F34,") , and the values reported therein, of ",M34, " (",N34, ") under semi-arid environments. Provide the links to the scientific article") -> #REF! | Q34: https://gemini.google.com/app/c7066ed2c53b6e7c | S34: red oat grass | T34: Themeda triandra | W34: =(V34-U34)/2+U34 -> 0 | X34: =_xlfn.CONCAT("studies which report the ",D34," as ",E34," (",F34,") , and the values reported therein, of ",S34, " (",T34, ") under semi-arid environments. Provide the links to the scientific article") -> studies which report the minimum temperature sum for foliage activity onset as growing degree days (GDD) , and the values reported therein, of red oat grass (Themeda triandra) under semi-arid environments. Provide the links to the scientific article | AA34: bermuda grass | AB34: cynodon dactylon | AF34: =_xlfn.CONCAT("studies which report the ",D34," as ",E34," (",F34,") , and the values reported therein, of ",AA34, " (",AB34, ") under semi-arid environments. Provide the links to the scientific article") -> studies which report the minimum temperature sum for foliage activity onset as growing degree days (GDD) , and the values reported therein, of bermuda grass (cynodon dactylon) under semi-arid environments. Provide the links to the scientific article | AI34: =$L34*AO$2+$W34*AO$3 -> 18 | AJ34: =$L34*AO$2+$W34*AO$3+$AE34*AO$4 -> 18 | AK34: =$L34*AP$2+$W34*AP$3+$AE34*AP$4 -> 24 | AL34: =$L34*AQ$2+$W34*AQ$3+$AE34*AQ$4 -> 24 | AM34: =$L34*AR$2+$W34*AR$3+$AE34*AR$4 -> 18 | AU34: Whistling thorn | AV34: Vachellia drepanolobium | AW34: Mimosoideae | AX34: Acacieae | BC34: =_xlfn.CONCAT("studies which report the ",D34," as ",E34," (",F34,") , and the values reported therein, of ",ABX34, " (",AV34, ") under semi-arid environments. Provide the links to the scientific article") -> studies which report the minimum temperature sum for foliage activity onset as growing degree days (GDD) , and the values reported therein, of (Vachellia drepanolobium) under semi-arid environments. Provide the links to the scientific article | BG34: indigofera | BH34: Indigofera voharamensis, indigofera volkensii | BM34: =_xlfn.CONCAT("studies which report the ",D34," as ",E34," (",F34,") , and the values reported therein of ",BG34," genus vegetation (e.g. ",BH34," ). Provide the links to the scientific article") -> studies which report the minimum temperature sum for foliage activity onset as growing degree days (GDD) , and the values reported therein of indigofera genus vegetation (e.g. Indigofera voharamensis, indigofera volkensii ). Provide the links to the scientific article | BQ34: tephrosia | BR34: tephrosia elata | BX34: =_xlfn.CONCAT("studies which report the ",D34," as ",E34," (",F34,") , and the values reported therein of ",BQ34," genus vegetation (e.g. ",BR34," ). Provide the links to the scientific article") -> studies which report the minimum temperature sum for foliage activity onset as growing degree days (GDD) , and the values reported therein of tephrosia genus vegetation (e.g. tephrosia elata ). Provide the links to the scientific article | CB34: =$BL34*CG$2+$BW34*CG$3 -> 0 | CC34: =$BL34*CH$2+$BW34*CH$3 -> 0 | CD34: =$BL34*CI$2+$BW34*CI$3 -> 0 | CE34: =$BL34*CJ$2+$BW34*CJ$3 -> 0
